0,0,0
0,0.015873,0
0,0.031746,0
0,0.047619,0
0,0.0634921,0
0,0.0793651,0
0,0.0952381,0
0,0.111111,0
0,0.126984,0
0,0.142857,0
0,0.15873,0
0,0.174603,0
0,0.190476,0
0,0.206349,0
0,0.222222,0
0,0.238095,0
0,0.253968,0
0,0.269841,0
0,0.285714,0
0,0.301587,0
0,0.31746,0
0,0.333333,0
0,0.349206,0
0,0.365079,0
0,0.380952,0
0,0.396825,0
0,0.412698,0
0,0.428571,0
0,0.444444,0
0,0.460317,0
0,0.47619,0
0,0.492063,0
0,0.507937,0
0,0.52381,0
0,0.539683,0
0,0.555556,0
0,0.571429,0
0,0.587302,0
0,0.603175,0
0,0.619048,0
0,0.634921,0
0,0.650794,0
0,0.666667,0
0,0.68254,0
0,0.698413,0
0,0.714286,0
0,0.730159,0
0,0.746032,0
0,0.761905,0
0,0.777778,0
0,0.793651,0
0,0.809524,0
0,0.825397,0
0,0.84127,0
0,0.857143,0
0,0.873016,0
0,0.888889,0
0,0.904762,0
0,0.920635,0
0,0.936508,0
0,0.952381,0
0,0.968254,0
0,0.984127,0
0,1,0
0.015873,0,0
0.015873,0.015873,0
0.015873,0.031746,0
0.015873,0.047619,0
0.015873,0.0634921,0
0.015873,0.0793651,0
0.015873,0.0952381,0
0.015873,0.111111,0
0.015873,0.126984,0
0.015873,0.142857,0
0.015873,0.15873,0
0.015873,0.174603,0
0.015873,0.190476,0
0.015873,0.206349,0
0.015873,0.222222,0
0.015873,0.238095,0
0.015873,0.253968,0
0.015873,0.269841,0
0.015873,0.285714,0
0.015873,0.301587,0
0.015873,0.31746,0
0.015873,0.333333,0
0.015873,0.349206,0
0.015873,0.365079,0
0.015873,0.380952,0
0.015873,0.396825,0
0.015873,0.412698,0
0.015873,0.428571,0
0.015873,0.444444,0
0.015873,0.460317,0
0.015873,0.47619,0
0.015873,0.492063,0
0.015873,0.507937,0
0.015873,0.52381,0
0.015873,0.539683,0
0.015873,0.555556,0
0.015873,0.571429,0
0.015873,0.587302,0
0.015873,0.603175,0
0.015873,0.619048,0
0.015873,0.634921,0
0.015873,0.650794,0
0.015873,0.666667,0
0.015873,0.68254,0
0.015873,0.698413,0
0.015873,0.714286,0
0.015873,0.730159,0
0.015873,0.746032,0
0.015873,0.761905,0
0.015873,0.777778,0
0.015873,0.793651,0
0.015873,0.809524,0
0.015873,0.825397,0
0.015873,0.84127,0
0.015873,0.857143,0
0.015873,0.873016,0
0.015873,0.888889,0
0.015873,0.904762,0
0.015873,0.920635,0
0.015873,0.936508,0
0.015873,0.952381,0
0.015873,0.968254,0
0.015873,0.984127,0
0.015873,1,0
0.031746,0,0
0.031746,0.015873,0
0.031746,0.031746,0
0.031746,0.047619,0
0.031746,0.0634921,0
0.031746,0.0793651,0
0.031746,0.0952381,0
0.031746,0.111111,0
0.031746,0.126984,0
0.031746,0.142857,0
0.031746,0.15873,0
0.031746,0.174603,0
0.031746,0.190476,0
0.031746,0.206349,0
0.031746,0.222222,0
0.031746,0.238095,0
0.031746,0.253968,0
0.031746,0.269841,0
0.031746,0.285714,0
0.031746,0.301587,0
0.031746,0.31746,0
0.031746,0.333333,0
0.031746,0.349206,0
0.031746,0.365079,0
0.031746,0.380952,0
0.031746,0.396825,0
0.031746,0.412698,0
0.031746,0.428571,0
0.031746,0.444444,0
0.031746,0.460317,0
0.031746,0.47619,0
0.031746,0.492063,0
0.031746,0.507937,0
0.031746,0.52381,0
0.031746,0.539683,0
0.031746,0.555556,0
0.031746,0.571429,0
0.031746,0.587302,0
0.031746,0.603175,0
0.031746,0.619048,0
0.031746,0.634921,0
0.031746,0.650794,0
0.031746,0.666667,0
0.031746,0.68254,0
0.031746,0.698413,0
0.031746,0.714286,0
0.031746,0.730159,0
0.031746,0.746032,0
0.031746,0.761905,0
0.031746,0.777778,0
0.031746,0.793651,0
0.031746,0.809524,0
0.031746,0.825397,0
0.031746,0.84127,0
0.031746,0.857143,0
0.031746,0.873016,0
0.031746,0.888889,0
0.031746,0.904762,0
0.031746,0.920635,0
0.031746,0.936508,0
0.031746,0.952381,0
0.031746,0.968254,0
0.031746,0.984127,0
0.031746,1,0
0.047619,0,0
0.047619,0.015873,0
0.047619,0.031746,0
0.047619,0.047619,0
0.047619,0.0634921,0
0.047619,0.0793651,0
0.047619,0.0952381,0
0.047619,0.111111,0
0.047619,0.126984,0
0.047619,0.142857,0
0.047619,0.15873,0
0.047619,0.174603,0
0.047619,0.190476,0
0.047619,0.206349,0
0.047619,0.222222,0
0.047619,0.238095,0
0.047619,0.253968,0
0.047619,0.269841,0
0.047619,0.285714,0
0.047619,0.301587,0
0.047619,0.31746,0
0.047619,0.333333,0
0.047619,0.349206,0
0.047619,0.365079,0
0.047619,0.380952,0
0.047619,0.396825,0
0.047619,0.412698,0
0.047619,0.428571,0
0.047619,0.444444,0
0.047619,0.460317,0
0.047619,0.47619,0
0.047619,0.492063,0
0.047619,0.507937,0
0.047619,0.52381,0
0.047619,0.539683,0
0.047619,0.555556,0
0.047619,0.571429,0
0.047619,0.587302,0
0.047619,0.603175,0
0.047619,0.619048,0
0.047619,0.634921,0
0.047619,0.650794,0
0.047619,0.666667,0
0.047619,0.68254,0
0.047619,0.698413,0
0.047619,0.714286,0
0.047619,0.730159,0
0.047619,0.746032,0
0.047619,0.761905,0
0.047619,0.777778,0
0.047619,0.793651,0
0.047619,0.809524,0
0.047619,0.825397,0
0.047619,0.84127,0
0.047619,0.857143,0
0.047619,0.873016,0
0.047619,0.888889,0
0.047619,0.904762,0
0.047619,0.920635,0
0.047619,0.936508,0
0.047619,0.952381,0
0.047619,0.968254,0
0.047619,0.984127,0
0.047619,1,0
0.0634921,0,0
0.0634921,0.015873,0
0.0634921,0.031746,0
0.0634921,0.047619,0
0.0634921,0.0634921,0
0.0634921,0.0793651,0
0.0634921,0.0952381,0
0.0634921,0.111111,0
0.0634921,0.126984,0
0.0634921,0.142857,0
0.0634921,0.15873,0
0.0634921,0.174603,0
0.0634921,0.190476,0
0.0634921,0.206349,0
0.0634921,0.222222,0
0.0634921,0.238095,0
0.0634921,0.253968,0
0.0634921,0.269841,0
0.0634921,0.285714,0
0.0634921,0.301587,0
0.0634921,0.31746,0
0.0634921,0.333333,0
0.0634921,0.349206,0
0.0634921,0.365079,0
0.0634921,0.380952,0
0.0634921,0.396825,0
0.0634921,0.412698,0
0.0634921,0.428571,0
0.0634921,0.444444,0
0.0634921,0.460317,0
0.0634921,0.47619,0
0.0634921,0.492063,0
0.0634921,0.507937,0
0.0634921,0.52381,0
0.0634921,0.539683,0
0.0634921,0.555556,0
0.0634921,0.571429,0
0.0634921,0.587302,0
0.0634921,0.603175,0
0.0634921,0.619048,0
0.0634921,0.634921,0
0.0634921,0.650794,0
0.0634921,0.666667,0
0.0634921,0.68254,0
0.0634921,0.698413,0
0.0634921,0.714286,0
0.0634921,0.730159,0
0.0634921,0.746032,0
0.0634921,0.761905,0
0.0634921,0.777778,0
0.0634921,0.793651,0
0.0634921,0.809524,0
0.0634921,0.825397,0
0.0634921,0.84127,0
0.0634921,0.857143,0
0.0634921,0.873016,0
0.0634921,0.888889,0
0.0634921,0.904762,0
0.0634921,0.920635,0
0.0634921,0.936508,0
0.0634921,0.952381,0
0.0634921,0.968254,0
0.0634921,0.984127,0
0.0634921,1,0
0.0793651,0,0
0.0793651,0.015873,0
0.0793651,0.031746,0
0.0793651,0.047619,0
0.0793651,0.0634921,0
0.0793651,0.0793651,0
0.0793651,0.0952381,0
0.0793651,0.111111,0
0.0793651,0.126984,0
0.0793651,0.142857,0
0.0793651,0.15873,0
0.0793651,0.174603,0
0.0793651,0.190476,0
0.0793651,0.206349,0
0.0793651,0.222222,0
0.0793651,0.238095,0
0.0793651,0.253968,0
0.0793651,0.269841,0
0.0793651,0.285714,0
0.0793651,0.301587,0
0.0793651,0.31746,0
0.0793651,0.333333,0
0.0793651,0.349206,0
0.0793651,0.365079,0
0.0793651,0.380952,0
0.0793651,0.396825,0
0.0793651,0.412698,0
0.0793651,0.428571,0
0.0793651,0.444444,0
0.0793651,0.460317,0
0.0793651,0.47619,0
0.0793651,0.492063,0
0.0793651,0.507937,0
0.0793651,0.52381,0
0.0793651,0.539683,0
0.0793651,0.555556,0
0.0793651,0.571429,0
0.0793651,0.587302,0
0.0793651,0.603175,0
0.0793651,0.619048,0
0.0793651,0.634921,0
0.0793651,0.650794,0
0.0793651,0.666667,0
0.0793651,0.68254,0
0.0793651,0.698413,0
0.0793651,0.714286,0
0.0793651,0.730159,0
0.0793651,0.746032,0
0.0793651,0.761905,0
0.0793651,0.777778,0
0.0793651,0.793651,0
0.0793651,0.809524,0
0.0793651,0.825397,0
0.0793651,0.84127,0
0.0793651,0.857143,0
0.0793651,0.873016,0
0.0793651,0.888889,0
0.0793651,0.904762,0
0.0793651,0.920635,0
0.0793651,0.936508,0
0.0793651,0.952381,0
0.0793651,0.968254,0
0.0793651,0.984127,0
0.0793651,1,0
0.0952381,0,0
0.0952381,0.015873,0
0.0952381,0.031746,0
0.0952381,0.047619,0
0.0952381,0.0634921,0
0.0952381,0.0793651,0
0.0952381,0.0952381,0
0.0952381,0.111111,0
0.0952381,0.126984,0
0.0952381,0.142857,0
0.0952381,0.15873,0
0.0952381,0.174603,0
0.0952381,0.190476,0
0.0952381,0.206349,0
0.0952381,0.222222,0
0.0952381,0.238095,0
0.0952381,0.253968,0
0.0952381,0.269841,0
0.0952381,0.285714,0
0.0952381,0.301587,0
0.0952381,0.31746,0
0.0952381,0.333333,0
0.0952381,0.349206,0
0.0952381,0.365079,0
0.0952381,0.380952,0
0.0952381,0.396825,0
0.0952381,0.412698,0
0.0952381,0.428571,0
0.0952381,0.444444,0
0.0952381,0.460317,0
0.0952381,0.47619,0
0.0952381,0.492063,0
0.0952381,0.507937,0
0.0952381,0.52381,0
0.0952381,0.539683,0
0.0952381,0.555556,0
0.0952381,0.571429,0
0.0952381,0.587302,0
0.0952381,0.603175,0
0.0952381,0.619048,0
0.0952381,0.634921,0
0.0952381,0.650794,0
0.0952381,0.666667,0
0.0952381,0.68254,0
0.0952381,0.698413,0
0.0952381,0.714286,0
0.0952381,0.730159,0
0.0952381,0.746032,0
0.0952381,0.761905,0
0.0952381,0.777778,0
0.0952381,0.793651,0
0.0952381,0.809524,0
0.0952381,0.825397,0
0.0952381,0.84127,0
0.0952381,0.857143,0
0.0952381,0.873016,0
0.0952381,0.888889,0
0.0952381,0.904762,0
0.0952381,0.920635,0
0.0952381,0.936508,0
0.0952381,0.952381,0
0.0952381,0.968254,0
0.0952381,0.984127,0
0.0952381,1,0
0.111111,0,0
0.111111,0.015873,0
0.111111,0.031746,0
0.111111,0.047619,0
0.111111,0.0634921,0
0.111111,0.0793651,0
0.111111,0.0952381,0
0.111111,0.111111,0
0.111111,0.126984,0
0.111111,0.142857,0
0.111111,0.15873,0
0.111111,0.174603,0
0.111111,0.190476,0
0.111111,0.206349,0
0.111111,0.222222,0
0.111111,0.238095,0
0.111111,0.253968,0
0.111111,0.269841,0
0.111111,0.285714,0
0.111111,0.301587,0
0.111111,0.31746,0
0.111111,0.333333,0
0.111111,0.349206,0
0.111111,0.365079,0
0.111111,0.380952,0
0.111111,0.396825,0
0.111111,0.412698,0
0.111111,0.428571,0
0.111111,0.444444,0
0.111111,0.460317,0
0.111111,0.47619,0
0.111111,0.492063,0
0.111111,0.507937,0
0.111111,0.52381,0
0.111111,0.539683,0
0.111111,0.555556,0
0.111111,0.571429,0
0.111111,0.587302,0
0.111111,0.603175,0
0.111111,0.619048,0
0.111111,0.634921,0
0.111111,0.650794,0
0.111111,0.666667,0
0.111111,0.68254,0
0.111111,0.698413,0
0.111111,0.714286,0
0.111111,0.730159,0
0.111111,0.746032,0
0.111111,0.761905,0
0.111111,0.777778,0
0.111111,0.793651,0
0.111111,0.809524,0
0.111111,0.825397,0
0.111111,0.84127,0
0.111111,0.857143,0
0.111111,0.873016,0
0.111111,0.888889,0
0.111111,0.904762,0
0.111111,0.920635,0
0.111111,0.936508,0
0.111111,0.952381,0
0.111111,0.968254,0
0.111111,0.984127,0
0.111111,1,0
0.126984,0,0
0.126984,0.015873,0
0.126984,0.031746,0
0.126984,0.047619,0
0.126984,0.0634921,0
0.126984,0.0793651,0
0.126984,0.0952381,0
0.126984,0.111111,0
0.126984,0.126984,0
0.126984,0.142857,0
0.126984,0.15873,0
0.126984,0.174603,0
0.126984,0.190476,0
0.126984,0.206349,0
0.126984,0.222222,0
0.126984,0.238095,0
0.126984,0.253968,0
0.126984,0.269841,0
0.126984,0.285714,0
0.126984,0.301587,0
0.126984,0.31746,0
0.126984,0.333333,0
0.126984,0.349206,0
0.126984,0.365079,0
0.126984,0.380952,0
0.126984,0.396825,0
0.126984,0.412698,0
0.126984,0.428571,0
0.126984,0.444444,0
0.126984,0.460317,0
0.126984,0.47619,0
0.126984,0.492063,0
0.126984,0.507937,0
0.126984,0.52381,0
0.126984,0.539683,0
0.126984,0.555556,0
0.126984,0.571429,0
0.126984,0.587302,0
0.126984,0.603175,0
0.126984,0.619048,0
0.126984,0.634921,0
0.126984,0.650794,0
0.126984,0.666667,0
0.126984,0.68254,0
0.126984,0.698413,0
0.126984,0.714286,0
0.126984,0.730159,0
0.126984,0.746032,0
0.126984,0.761905,0
0.126984,0.777778,0
0.126984,0.793651,0
0.126984,0.809524,0
0.126984,0.825397,0
0.126984,0.84127,0
0.126984,0.857143,0
0.126984,0.873016,0
0.126984,0.888889,0
0.126984,0.904762,0
0.126984,0.920635,0
0.126984,0.936508,0
0.126984,0.952381,0
0.126984,0.968254,0
0.126984,0.984127,0
0.126984,1,0
0.142857,0,0
0.142857,0.015873,0
0.142857,0.031746,0
0.142857,0.047619,0
0.142857,0.0634921,0
0.142857,0.0793651,0
0.142857,0.0952381,0
0.142857,0.111111,0
0.142857,0.126984,0
0.142857,0.142857,0
0.142857,0.15873,0
0.142857,0.174603,0
0.142857,0.190476,0
0.142857,0.206349,0
0.142857,0.222222,0
0.142857,0.238095,0
0.142857,0.253968,0
0.142857,0.269841,0
0.142857,0.285714,0
0.142857,0.301587,0
0.142857,0.31746,0
0.142857,0.333333,0
0.142857,0.349206,0
0.142857,0.365079,0
0.142857,0.380952,0
0.142857,0.396825,0
0.142857,0.412698,0
0.142857,0.428571,0
0.142857,0.444444,0
0.142857,0.460317,0
0.142857,0.47619,0
0.142857,0.492063,0
0.142857,0.507937,0
0.142857,0.52381,0
0.142857,0.539683,0
0.142857,0.555556,0
0.142857,0.571429,0
0.142857,0.587302,0
0.142857,0.603175,0
0.142857,0.619048,0
0.142857,0.634921,0
0.142857,0.650794,0
0.142857,0.666667,0
0.142857,0.68254,0
0.142857,0.698413,0
0.142857,0.714286,0
0.142857,0.730159,0
0.142857,0.746032,0
0.142857,0.761905,0
0.142857,0.777778,0
0.142857,0.793651,0
0.142857,0.809524,0
0.142857,0.825397,0
0.142857,0.84127,0
0.142857,0.857143,0
0.142857,0.873016,0
0.142857,0.888889,0
0.142857,0.904762,0
0.142857,0.920635,0
0.142857,0.936508,0
0.142857,0.952381,0
0.142857,0.968254,0
0.142857,0.984127,0
0.142857,1,0
0.15873,0,0
0.15873,0.015873,0
0.15873,0.031746,0
0.15873,0.047619,0
0.15873,0.0634921,0
0.15873,0.0793651,0
0.15873,0.0952381,0
0.15873,0.111111,0
0.15873,0.126984,0
0.15873,0.142857,0
0.15873,0.15873,0
0.15873,0.174603,0
0.15873,0.190476,0
0.15873,0.206349,0
0.15873,0.222222,0
0.15873,0.238095,0
0.15873,0.253968,0
0.15873,0.269841,0
0.15873,0.285714,0
0.15873,0.301587,0
0.15873,0.31746,0
0.15873,0.333333,0
0.15873,0.349206,0
0.15873,0.365079,0
0.15873,0.380952,0
0.15873,0.396825,0
0.15873,0.412698,0
0.15873,0.428571,0
0.15873,0.444444,0
0.15873,0.460317,0
0.15873,0.47619,0
0.15873,0.492063,0
0.15873,0.507937,0
0.15873,0.52381,0
0.15873,0.539683,0
0.15873,0.555556,0
0.15873,0.571429,0
0.15873,0.587302,0
0.15873,0.603175,0
0.15873,0.619048,0
0.15873,0.634921,0
0.15873,0.650794,0
0.15873,0.666667,0
0.15873,0.68254,0
0.15873,0.698413,0
0.15873,0.714286,0
0.15873,0.730159,0
0.15873,0.746032,0
0.15873,0.761905,0
0.15873,0.777778,0
0.15873,0.793651,0
0.15873,0.809524,0
0.15873,0.825397,0
0.15873,0.84127,0
0.15873,0.857143,0
0.15873,0.873016,0
0.15873,0.888889,0
0.15873,0.904762,0
0.15873,0.920635,0
0.15873,0.936508,0
0.15873,0.952381,0
0.15873,0.968254,0
0.15873,0.984127,0
0.15873,1,0
0.174603,0,0
0.174603,0.015873,0
0.174603,0.031746,0
0.174603,0.047619,0
0.174603,0.0634921,0
0.174603,0.0793651,0
0.174603,0.0952381,0
0.174603,0.111111,0
0.174603,0.126984,0
0.174603,0.142857,0
0.174603,0.15873,0
0.174603,0.174603,0
0.174603,0.190476,0
0.174603,0.206349,0
0.174603,0.222222,0
0.174603,0.238095,0
0.174603,0.253968,0
0.174603,0.269841,0
0.174603,0.285714,0
0.174603,0.301587,0
0.174603,0.31746,0
0.174603,0.333333,0
0.174603,0.349206,0
0.174603,0.365079,0
0.174603,0.380952,0
0.174603,0.396825,0
0.174603,0.412698,0
0.174603,0.428571,0
0.174603,0.444444,0
0.174603,0.460317,0
0.174603,0.47619,0
0.174603,0.492063,0
0.174603,0.507937,0
0.174603,0.52381,0
0.174603,0.539683,0
0.174603,0.555556,0
0.174603,0.571429,0
0.174603,0.587302,0
0.174603,0.603175,0
0.174603,0.619048,0
0.174603,0.634921,0
0.174603,0.650794,0
0.174603,0.666667,0
0.174603,0.68254,0
0.174603,0.698413,0
0.174603,0.714286,0
0.174603,0.730159,0
0.174603,0.746032,0
0.174603,0.761905,0
0.174603,0.777778,0
0.174603,0.793651,0
0.174603,0.809524,0
0.174603,0.825397,0
0.174603,0.84127,0
0.174603,0.857143,0
0.174603,0.873016,0
0.174603,0.888889,0
0.174603,0.904762,0
0.174603,0.920635,0
0.174603,0.936508,0
0.174603,0.952381,0
0.174603,0.968254,0
0.174603,0.984127,0
0.174603,1,0
0.190476,0,0
0.190476,0.015873,0
0.190476,0.031746,0
0.190476,0.047619,0
0.190476,0.0634921,0
0.190476,0.0793651,0
0.190476,0.0952381,0
0.190476,0.111111,0
0.190476,0.126984,0
0.190476,0.142857,0
0.190476,0.15873,0
0.190476,0.174603,0
0.190476,0.190476,0
0.190476,0.206349,0
0.190476,0.222222,0
0.190476,0.238095,0
0.190476,0.253968,0
0.190476,0.269841,0
0.190476,0.285714,0
0.190476,0.301587,0
0.190476,0.31746,0
0.190476,0.333333,0
0.190476,0.349206,0
0.190476,0.365079,0
0.190476,0.380952,0
0.190476,0.396825,0
0.190476,0.412698,0
0.190476,0.428571,0
0.190476,0.444444,0
0.190476,0.460317,0
0.190476,0.47619,0
0.190476,0.492063,0
0.190476,0.507937,0
0.190476,0.52381,0
0.190476,0.539683,0
0.190476,0.555556,0
0.190476,0.571429,0
0.190476,0.587302,0
0.190476,0.603175,0
0.190476,0.619048,0
0.190476,0.634921,0
0.190476,0.650794,0
0.190476,0.666667,0
0.190476,0.68254,0
0.190476,0.698413,0
0.190476,0.714286,0
0.190476,0.730159,0
0.190476,0.746032,0
0.190476,0.761905,0
0.190476,0.777778,0
0.190476,0.793651,0
0.190476,0.809524,0
0.190476,0.825397,0
0.190476,0.84127,0
0.190476,0.857143,0
0.190476,0.873016,0
0.190476,0.888889,0
0.190476,0.904762,0
0.190476,0.920635,0
0.190476,0.936508,0
0.190476,0.952381,0
0.190476,0.968254,0
0.190476,0.984127,0
0.190476,1,0
0.206349,0,0
0.206349,0.015873,0
0.206349,0.031746,0
0.206349,0.047619,0
0.206349,0.0634921,0
0.206349,0.0793651,0
0.206349,0.0952381,0
0.206349,0.111111,0
0.206349,0.126984,0
0.206349,0.142857,0
0.206349,0.15873,0
0.206349,0.174603,0
0.206349,0.190476,0
0.206349,0.206349,0
0.206349,0.222222,0
0.206349,0.238095,0
0.206349,0.253968,0
0.206349,0.269841,0
0.206349,0.285714,0
0.206349,0.301587,0
0.206349,0.31746,0
0.206349,0.333333,0
0.206349,0.349206,0
0.206349,0.365079,0
0.206349,0.380952,0
0.206349,0.396825,0
0.206349,0.412698,0
0.206349,0.428571,0
0.206349,0.444444,0
0.206349,0.460317,0
0.206349,0.47619,0
0.206349,0.492063,0
0.206349,0.507937,0
0.206349,0.52381,0
0.206349,0.539683,0
0.206349,0.555556,0
0.206349,0.571429,0
0.206349,0.587302,0
0.206349,0.603175,0
0.206349,0.619048,0
0.206349,0.634921,0
0.206349,0.650794,0
0.206349,0.666667,0
0.206349,0.68254,0
0.206349,0.698413,0
0.206349,0.714286,0
0.206349,0.730159,0
0.206349,0.746032,0
0.206349,0.761905,0
0.206349,0.777778,0
0.206349,0.793651,0
0.206349,0.809524,0
0.206349,0.825397,0
0.206349,0.84127,0
0.206349,0.857143,0
0.206349,0.873016,0
0.206349,0.888889,0
0.206349,0.904762,0
0.206349,0.920635,0
0.206349,0.936508,0
0.206349,0.952381,0
0.206349,0.968254,0
0.206349,0.984127,0
0.206349,1,0
0.222222,0,0
0.222222,0.015873,0
0.222222,0.031746,0
0.222222,0.047619,0
0.222222,0.0634921,0
0.222222,0.0793651,0
0.222222,0.0952381,0
0.222222,0.111111,0
0.222222,0.126984,0
0.222222,0.142857,0
0.222222,0.15873,0
0.222222,0.174603,0
0.222222,0.190476,0
0.222222,0.206349,0
0.222222,0.222222,0
0.222222,0.238095,0
0.222222,0.253968,0
0.222222,0.269841,0
0.222222,0.285714,0
0.222222,0.301587,0
0.222222,0.31746,0
0.222222,0.333333,0
0.222222,0.349206,0
0.222222,0.365079,0
0.222222,0.380952,0
0.222222,0.396825,0
0.222222,0.412698,0
0.222222,0.428571,0
0.222222,0.444444,0
0.222222,0.460317,0
0.222222,0.47619,0
0.222222,0.492063,0
0.222222,0.507937,0
0.222222,0.52381,0
0.222222,0.539683,0
0.222222,0.555556,0
0.222222,0.571429,0
0.222222,0.587302,0
0.222222,0.603175,0
0.222222,0.619048,0
0.222222,0.634921,0
0.222222,0.650794,0
0.222222,0.666667,0
0.222222,0.68254,0
0.222222,0.698413,0
0.222222,0.714286,0
0.222222,0.730159,0
0.222222,0.746032,0
0.222222,0.761905,0
0.222222,0.777778,0
0.222222,0.793651,0
0.222222,0.809524,0
0.222222,0.825397,0
0.222222,0.84127,0
0.222222,0.857143,0
0.222222,0.873016,0
0.222222,0.888889,0
0.222222,0.904762,0
0.222222,0.920635,0
0.222222,0.936508,0
0.222222,0.952381,0
0.222222,0.968254,0
0.222222,0.984127,0
0.222222,1,0
0.238095,0,0
0.238095,0.015873,0
0.238095,0.031746,0
0.238095,0.047619,0
0.238095,0.0634921,0
0.238095,0.0793651,0
0.238095,0.0952381,0
0.238095,0.111111,0
0.238095,0.126984,0
0.238095,0.142857,0
0.238095,0.15873,0
0.238095,0.174603,0
0.238095,0.190476,0
0.238095,0.206349,0
0.238095,0.222222,0
0.238095,0.238095,0
0.238095,0.253968,0
0.238095,0.269841,0
0.238095,0.285714,0
0.238095,0.301587,0
0.238095,0.31746,0
0.238095,0.333333,0
0.238095,0.349206,0
0.238095,0.365079,0
0.238095,0.380952,0
0.238095,0.396825,0
0.238095,0.412698,0
0.238095,0.428571,0
0.238095,0.444444,0
0.238095,0.460317,0
0.238095,0.47619,0
0.238095,0.492063,0
0.238095,0.507937,0
0.238095,0.52381,0
0.238095,0.539683,0
0.238095,0.555556,0
0.238095,0.571429,0
0.238095,0.587302,0
0.238095,0.603175,0
0.238095,0.619048,0
0.238095,0.634921,0
0.238095,0.650794,0
0.238095,0.666667,0
0.238095,0.68254,0
0.238095,0.698413,0
0.238095,0.714286,0
0.238095,0.730159,0
0.238095,0.746032,0
0.238095,0.761905,0
0.238095,0.777778,0
0.238095,0.793651,0
0.238095,0.809524,0
0.238095,0.825397,0
0.238095,0.84127,0
0.238095,0.857143,0
0.238095,0.873016,0
0.238095,0.888889,0
0.238095,0.904762,0
0.238095,0.920635,0
0.238095,0.936508,0
0.238095,0.952381,0
0.238095,0.968254,0
0.238095,0.984127,0
0.238095,1,0
0.253968,0,0
0.253968,0.015873,0
0.253968,0.031746,0
0.253968,0.047619,0
0.253968,0.0634921,0
0.253968,0.0793651,0
0.253968,0.0952381,0
0.253968,0.111111,0
0.253968,0.126984,0
0.253968,0.142857,0
0.253968,0.15873,0
0.253968,0.174603,0
0.253968,0.190476,0
0.253968,0.206349,0
0.253968,0.222222,0
0.253968,0.238095,0
0.253968,0.253968,0
0.253968,0.269841,0
0.253968,0.285714,0
0.253968,0.301587,0
0.253968,0.31746,0
0.253968,0.333333,0
0.253968,0.349206,0
0.253968,0.365079,0
0.253968,0.380952,0
0.253968,0.396825,0
0.253968,0.412698,0
0.253968,0.428571,0
0.253968,0.444444,0
0.253968,0.460317,0
0.253968,0.47619,0
0.253968,0.492063,0
0.253968,0.507937,0
0.253968,0.52381,0
0.253968,0.539683,0
0.253968,0.555556,0
0.253968,0.571429,0
0.253968,0.587302,0
0.253968,0.603175,0
0.253968,0.619048,0
0.253968,0.634921,0
0.253968,0.650794,0
0.253968,0.666667,0
0.253968,0.68254,0
0.253968,0.698413,0
0.253968,0.714286,0
0.253968,0.730159,0
0.253968,0.746032,0
0.253968,0.761905,0
0.253968,0.777778,0
0.253968,0.793651,0
0.253968,0.809524,0
0.253968,0.825397,0
0.253968,0.84127,0
0.253968,0.857143,0
0.253968,0.873016,0
0.253968,0.888889,0
0.253968,0.904762,0
0.253968,0.920635,0
0.253968,0.936508,0
0.253968,0.952381,0
0.253968,0.968254,0
0.253968,0.984127,0
0.253968,1,0
0.269841,0,0
0.269841,0.015873,0
0.269841,0.031746,0
0.269841,0.047619,0
0.269841,0.0634921,0
0.269841,0.0793651,0
0.269841,0.0952381,0
0.269841,0.111111,0
0.269841,0.126984,0
0.269841,0.142857,0
0.269841,0.15873,0
0.269841,0.174603,0
0.269841,0.190476,0
0.269841,0.206349,0
0.269841,0.222222,0
0.269841,0.238095,0
0.269841,0.253968,0
0.269841,0.269841,0
0.269841,0.285714,0
0.269841,0.301587,0
0.269841,0.31746,0
0.269841,0.333333,0
0.269841,0.349206,0
0.269841,0.365079,0
0.269841,0.380952,0
0.269841,0.396825,0
0.269841,0.412698,0
0.269841,0.428571,0
0.269841,0.444444,0
0.269841,0.460317,0
0.269841,0.47619,0
0.269841,0.492063,0
0.269841,0.507937,0
0.269841,0.52381,0
0.269841,0.539683,0
0.269841,0.555556,0
0.269841,0.571429,0
0.269841,0.587302,0
0.269841,0.603175,0
0.269841,0.619048,0
0.269841,0.634921,0
0.269841,0.650794,0
0.269841,0.666667,0
0.269841,0.68254,0
0.269841,0.698413,0
0.269841,0.714286,0
0.269841,0.730159,0
0.269841,0.746032,0
0.269841,0.761905,0
0.269841,0.777778,0
0.269841,0.793651,0
0.269841,0.809524,0
0.269841,0.825397,0
0.269841,0.84127,0
0.269841,0.857143,0
0.269841,0.873016,0
0.269841,0.888889,0
0.269841,0.904762,0
0.269841,0.920635,0
0.269841,0.936508,0
0.269841,0.952381,0
0.269841,0.968254,0
0.269841,0.984127,0
0.269841,1,0
0.285714,0,0
0.285714,0.015873,0
0.285714,0.031746,0
0.285714,0.047619,0
0.285714,0.0634921,0
0.285714,0.0793651,0
0.285714,0.0952381,0
0.285714,0.111111,0
0.285714,0.126984,0
0.285714,0.142857,0
0.285714,0.15873,0
0.285714,0.174603,0
0.285714,0.190476,0
0.285714,0.206349,0
0.285714,0.222222,0
0.285714,0.238095,0
0.285714,0.253968,0
0.285714,0.269841,0
0.285714,0.285714,0
0.285714,0.301587,0
0.285714,0.31746,0
0.285714,0.333333,0
0.285714,0.349206,0
0.285714,0.365079,0
0.285714,0.380952,0
0.285714,0.396825,0
0.285714,0.412698,0
0.285714,0.428571,0
0.285714,0.444444,0
0.285714,0.460317,0
0.285714,0.47619,0
0.285714,0.492063,0
0.285714,0.507937,0
0.285714,0.52381,0
0.285714,0.539683,0
0.285714,0.555556,0
0.285714,0.571429,0
0.285714,0.587302,0
0.285714,0.603175,0
0.285714,0.619048,0
0.285714,0.634921,0
0.285714,0.650794,0
0.285714,0.666667,0
0.285714,0.68254,0
0.285714,0.698413,0
0.285714,0.714286,0
0.285714,0.730159,0
0.285714,0.746032,0
0.285714,0.761905,0
0.285714,0.777778,0
0.285714,0.793651,0
0.285714,0.809524,0
0.285714,0.825397,0
0.285714,0.84127,0
0.285714,0.857143,0
0.285714,0.873016,0
0.285714,0.888889,0
0.285714,0.904762,0
0.285714,0.920635,0
0.285714,0.936508,0
0.285714,0.952381,0
0.285714,0.968254,0
0.285714,0.984127,0
0.285714,1,0
0.301587,0,0
0.301587,0.015873,0
0.301587,0.031746,0
0.301587,0.047619,0
0.301587,0.0634921,0
0.301587,0.0793651,0
0.301587,0.0952381,0
0.301587,0.111111,0
0.301587,0.126984,0
0.301587,0.142857,0
0.301587,0.15873,0
0.301587,0.174603,0
0.301587,0.190476,0
0.301587,0.206349,0
0.301587,0.222222,0
0.301587,0.238095,0
0.301587,0.253968,0
0.301587,0.269841,0
0.301587,0.285714,0
0.301587,0.301587,0
0.301587,0.31746,0
0.301587,0.333333,0
0.301587,0.349206,0
0.301587,0.365079,0
0.301587,0.380952,0
0.301587,0.396825,0
0.301587,0.412698,0
0.301587,0.428571,0
0.301587,0.444444,0
0.301587,0.460317,0
0.301587,0.47619,0
0.301587,0.492063,0
0.301587,0.507937,0
0.301587,0.52381,0
0.301587,0.539683,0
0.301587,0.555556,0
0.301587,0.571429,0
0.301587,0.587302,0
0.301587,0.603175,0
0.301587,0.619048,0
0.301587,0.634921,0
0.301587,0.650794,0
0.301587,0.666667,0
0.301587,0.68254,0
0.301587,0.698413,0
0.301587,0.714286,0
0.301587,0.730159,0
0.301587,0.746032,0
0.301587,0.761905,0
0.301587,0.777778,0
0.301587,0.793651,0
0.301587,0.809524,0
0.301587,0.825397,0
0.301587,0.84127,0
0.301587,0.857143,0
0.301587,0.873016,0
0.301587,0.888889,0
0.301587,0.904762,0
0.301587,0.920635,0
0.301587,0.936508,0
0.301587,0.952381,0
0.301587,0.968254,0
0.301587,0.984127,0
0.301587,1,0
0.31746,0,0
0.31746,0.015873,0
0.31746,0.031746,0
0.31746,0.047619,0
0.31746,0.0634921,0
0.31746,0.0793651,0
0.31746,0.0952381,0
0.31746,0.111111,0
0.31746,0.126984,0
0.31746,0.142857,0
0.31746,0.15873,0
0.31746,0.174603,0
0.31746,0.190476,0
0.31746,0.206349,0
0.31746,0.222222,0
0.31746,0.238095,0
0.31746,0.253968,0
0.31746,0.269841,0
0.31746,0.285714,0
0.31746,0.301587,0
0.31746,0.31746,0
0.31746,0.333333,0
0.31746,0.349206,0
0.31746,0.365079,0
0.31746,0.380952,0
0.31746,0.396825,0
0.31746,0.412698,0
0.31746,0.428571,0
0.31746,0.444444,0
0.31746,0.460317,0
0.31746,0.47619,0
0.31746,0.492063,0
0.31746,0.507937,0
0.31746,0.52381,0
0.31746,0.539683,0
0.31746,0.555556,0
0.31746,0.571429,0
0.31746,0.587302,0
0.31746,0.603175,0
0.31746,0.619048,0
0.31746,0.634921,0
0.31746,0.650794,0
0.31746,0.666667,0
0.31746,0.68254,0
0.31746,0.698413,0
0.31746,0.714286,0
0.31746,0.730159,0
0.31746,0.746032,0
0.31746,0.761905,0
0.31746,0.777778,0
0.31746,0.793651,0
0.31746,0.809524,0
0.31746,0.825397,0
0.31746,0.84127,0
0.31746,0.857143,0
0.31746,0.873016,0
0.31746,0.888889,0
0.31746,0.904762,0
0.31746,0.920635,0
0.31746,0.936508,0
0.31746,0.952381,0
0.31746,0.968254,0
0.31746,0.984127,0
0.31746,1,0
0.333333,0,0
0.333333,0.015873,0
0.333333,0.031746,0
0.333333,0.047619,0
0.333333,0.0634921,0
0.333333,0.0793651,0
0.333333,0.0952381,0
0.333333,0.111111,0
0.333333,0.126984,0
0.333333,0.142857,0
0.333333,0.15873,0
0.333333,0.174603,0
0.333333,0.190476,0
0.333333,0.206349,0
0.333333,0.222222,0
0.333333,0.238095,0
0.333333,0.253968,0
0.333333,0.269841,0
0.333333,0.285714,0
0.333333,0.301587,0
0.333333,0.31746,0
0.333333,0.333333,0
0.333333,0.349206,0
0.333333,0.365079,0
0.333333,0.380952,0
0.333333,0.396825,0
0.333333,0.412698,0
0.333333,0.428571,0
0.333333,0.444444,0
0.333333,0.460317,0
0.333333,0.47619,0
0.333333,0.492063,0
0.333333,0.507937,0
0.333333,0.52381,0
0.333333,0.539683,0
0.333333,0.555556,0
0.333333,0.571429,0
0.333333,0.587302,0
0.333333,0.603175,0
0.333333,0.619048,0
0.333333,0.634921,0
0.333333,0.650794,0
0.333333,0.666667,0
0.333333,0.68254,0
0.333333,0.698413,0
0.333333,0.714286,0
0.333333,0.730159,0
0.333333,0.746032,0
0.333333,0.761905,0
0.333333,0.777778,0
0.333333,0.793651,0
0.333333,0.809524,0
0.333333,0.825397,0
0.333333,0.84127,0
0.333333,0.857143,0
0.333333,0.873016,0
0.333333,0.888889,0
0.333333,0.904762,0
0.333333,0.920635,0
0.333333,0.936508,0
0.333333,0.952381,0
0.333333,0.968254,0
0.333333,0.984127,0
0.333333,1,0
0.349206,0,0
0.349206,0.015873,0
0.349206,0.031746,0
0.349206,0.047619,0
0.349206,0.0634921,0
0.349206,0.0793651,0
0.349206,0.0952381,0
0.349206,0.111111,0
0.349206,0.126984,0
0.349206,0.142857,0
0.349206,0.15873,0
0.349206,0.174603,0
0.349206,0.190476,0
0.349206,0.206349,0
0.349206,0.222222,0
0.349206,0.238095,0
0.349206,0.253968,0
0.349206,0.269841,0
0.349206,0.285714,0
0.349206,0.301587,0
0.349206,0.31746,0
0.349206,0.333333,0
0.349206,0.349206,0
0.349206,0.365079,0
0.349206,0.380952,0
0.349206,0.396825,0
0.349206,0.412698,0
0.349206,0.428571,0
0.349206,0.444444,0
0.349206,0.460317,0
0.349206,0.47619,0
0.349206,0.492063,0
0.349206,0.507937,0
0.349206,0.52381,0
0.349206,0.539683,0
0.349206,0.555556,0
0.349206,0.571429,0
0.349206,0.587302,0
0.349206,0.603175,0
0.349206,0.619048,0
0.349206,0.634921,0
0.349206,0.650794,0
0.349206,0.666667,0
0.349206,0.68254,0
0.349206,0.698413,0
0.349206,0.714286,0
0.349206,0.730159,0
0.349206,0.746032,0
0.349206,0.761905,0
0.349206,0.777778,0
0.349206,0.793651,0
0.349206,0.809524,0
0.349206,0.825397,0
0.349206,0.84127,0
0.349206,0.857143,0
0.349206,0.873016,0
0.349206,0.888889,0
0.349206,0.904762,0
0.349206,0.920635,0
0.349206,0.936508,0
0.349206,0.952381,0
0.349206,0.968254,0
0.349206,0.984127,0
0.349206,1,0
0.365079,0,0
0.365079,0.015873,0
0.365079,0.031746,0
0.365079,0.047619,0
0.365079,0.0634921,0
0.365079,0.0793651,0
0.365079,0.0952381,0
0.365079,0.111111,0
0.365079,0.126984,0
0.365079,0.142857,0
0.365079,0.15873,0
0.365079,0.174603,0
0.365079,0.190476,0
0.365079,0.206349,0
0.365079,0.222222,0
0.365079,0.238095,0
0.365079,0.253968,0
0.365079,0.269841,0
0.365079,0.285714,0
0.365079,0.301587,0
0.365079,0.31746,0
0.365079,0.333333,0
0.365079,0.349206,0
0.365079,0.365079,0
0.365079,0.380952,0
0.365079,0.396825,0
0.365079,0.412698,0
0.365079,0.428571,0
0.365079,0.444444,0
0.365079,0.460317,0
0.365079,0.47619,0
0.365079,0.492063,0
0.365079,0.507937,0
0.365079,0.52381,0
0.365079,0.539683,0
0.365079,0.555556,0
0.365079,0.571429,0
0.365079,0.587302,0
0.365079,0.603175,0
0.365079,0.619048,0
0.365079,0.634921,0
0.365079,0.650794,0
0.365079,0.666667,0
0.365079,0.68254,0
0.365079,0.698413,0
0.365079,0.714286,0
0.365079,0.730159,0
0.365079,0.746032,0
0.365079,0.761905,0
0.365079,0.777778,0
0.365079,0.793651,0
0.365079,0.809524,0
0.365079,0.825397,0
0.365079,0.84127,0
0.365079,0.857143,0
0.365079,0.873016,0
0.365079,0.888889,0
0.365079,0.904762,0
0.365079,0.920635,0
0.365079,0.936508,0
0.365079,0.952381,0
0.365079,0.968254,0
0.365079,0.984127,0
0.365079,1,0
0.380952,0,0
0.380952,0.015873,0
0.380952,0.031746,0
0.380952,0.047619,0
0.380952,0.0634921,0
0.380952,0.0793651,0
0.380952,0.0952381,0
0.380952,0.111111,0
0.380952,0.126984,0
0.380952,0.142857,0
0.380952,0.15873,0
0.380952,0.174603,0
0.380952,0.190476,0
0.380952,0.206349,0
0.380952,0.222222,0
0.380952,0.238095,0
0.380952,0.253968,0
0.380952,0.269841,0
0.380952,0.285714,0
0.380952,0.301587,0
0.380952,0.31746,0
0.380952,0.333333,0
0.380952,0.349206,0
0.380952,0.365079,0
0.380952,0.380952,0
0.380952,0.396825,0
0.380952,0.412698,0
0.380952,0.428571,0
0.380952,0.444444,0
0.380952,0.460317,0
0.380952,0.47619,0
0.380952,0.492063,0
0.380952,0.507937,0
0.380952,0.52381,0
0.380952,0.539683,0
0.380952,0.555556,0
0.380952,0.571429,0
0.380952,0.587302,0
0.380952,0.603175,0
0.380952,0.619048,0
0.380952,0.634921,0
0.380952,0.650794,0
0.380952,0.666667,0
0.380952,0.68254,0
0.380952,0.698413,0
0.380952,0.714286,0
0.380952,0.730159,0
0.380952,0.746032,0
0.380952,0.761905,0
0.380952,0.777778,0
0.380952,0.793651,0
0.380952,0.809524,0
0.380952,0.825397,0
0.380952,0.84127,0
0.380952,0.857143,0
0.380952,0.873016,0
0.380952,0.888889,0
0.380952,0.904762,0
0.380952,0.920635,0
0.380952,0.936508,0
0.380952,0.952381,0
0.380952,0.968254,0
0.380952,0.984127,0
0.380952,1,0
0.396825,0,0
0.396825,0.015873,0
0.396825,0.031746,0
0.396825,0.047619,0
0.396825,0.0634921,0
0.396825,0.0793651,0
0.396825,0.0952381,0
0.396825,0.111111,0
0.396825,0.126984,0
0.396825,0.142857,0
0.396825,0.15873,0
0.396825,0.174603,0
0.396825,0.190476,0
0.396825,0.206349,0
0.396825,0.222222,0
0.396825,0.238095,0
0.396825,0.253968,0
0.396825,0.269841,0
0.396825,0.285714,0
0.396825,0.301587,0
0.396825,0.31746,0
0.396825,0.333333,0
0.396825,0.349206,0
0.396825,0.365079,0
0.396825,0.380952,0
0.396825,0.396825,0
0.396825,0.412698,0
0.396825,0.428571,0
0.396825,0.444444,0
0.396825,0.460317,0
0.396825,0.47619,0
0.396825,0.492063,0
0.396825,0.507937,0
0.396825,0.52381,0
0.396825,0.539683,0
0.396825,0.555556,0
0.396825,0.571429,0
0.396825,0.587302,0
0.396825,0.603175,0
0.396825,0.619048,0
0.396825,0.634921,0
0.396825,0.650794,0
0.396825,0.666667,0
0.396825,0.68254,0
0.396825,0.698413,0
0.396825,0.714286,0
0.396825,0.730159,0
0.396825,0.746032,0
0.396825,0.761905,0
0.396825,0.777778,0
0.396825,0.793651,0
0.396825,0.809524,0
0.396825,0.825397,0
0.396825,0.84127,0
0.396825,0.857143,0
0.396825,0.873016,0
0.396825,0.888889,0
0.396825,0.904762,0
0.396825,0.920635,0
0.396825,0.936508,0
0.396825,0.952381,0
0.396825,0.968254,0
0.396825,0.984127,0
0.396825,1,0
0.412698,0,0
0.412698,0.015873,0
0.412698,0.031746,0
0.412698,0.047619,0
0.412698,0.0634921,0
0.412698,0.0793651,0
0.412698,0.0952381,0
0.412698,0.111111,0
0.412698,0.126984,0
0.412698,0.142857,0
0.412698,0.15873,0
0.412698,0.174603,0
0.412698,0.190476,0
0.412698,0.206349,0
0.412698,0.222222,0
0.412698,0.238095,0
0.412698,0.253968,0
0.412698,0.269841,0
0.412698,0.285714,0
0.412698,0.301587,0
0.412698,0.31746,0
0.412698,0.333333,0
0.412698,0.349206,0
0.412698,0.365079,0
0.412698,0.380952,0
0.412698,0.396825,0
0.412698,0.412698,0
0.412698,0.428571,0
0.412698,0.444444,0
0.412698,0.460317,0
0.412698,0.47619,0
0.412698,0.492063,0
0.412698,0.507937,0
0.412698,0.52381,0
0.412698,0.539683,0
0.412698,0.555556,0
0.412698,0.571429,0
0.412698,0.587302,0
0.412698,0.603175,0
0.412698,0.619048,0
0.412698,0.634921,0
0.412698,0.650794,0
0.412698,0.666667,0
0.412698,0.68254,0
0.412698,0.698413,0
0.412698,0.714286,0
0.412698,0.730159,0
0.412698,0.746032,0
0.412698,0.761905,0
0.412698,0.777778,0
0.412698,0.793651,0
0.412698,0.809524,0
0.412698,0.825397,0
0.412698,0.84127,0
0.412698,0.857143,0
0.412698,0.873016,0
0.412698,0.888889,0
0.412698,0.904762,0
0.412698,0.920635,0
0.412698,0.936508,0
0.412698,0.952381,0
0.412698,0.968254,0
0.412698,0.984127,0
0.412698,1,0
0.428571,0,0
0.428571,0.015873,0
0.428571,0.031746,0
0.428571,0.047619,0
0.428571,0.0634921,0
0.428571,0.0793651,0
0.428571,0.0952381,0
0.428571,0.111111,0
0.428571,0.126984,0
0.428571,0.142857,0
0.428571,0.15873,0
0.428571,0.174603,0
0.428571,0.190476,0
0.428571,0.206349,0
0.428571,0.222222,0
0.428571,0.238095,0
0.428571,0.253968,0
0.428571,0.269841,0
0.428571,0.285714,0
0.428571,0.301587,0
0.428571,0.31746,0
0.428571,0.333333,0
0.428571,0.349206,0
0.428571,0.365079,0
0.428571,0.380952,0
0.428571,0.396825,0
0.428571,0.412698,0
0.428571,0.428571,0
0.428571,0.444444,0
0.428571,0.460317,0
0.428571,0.47619,0
0.428571,0.492063,0
0.428571,0.507937,0
0.428571,0.52381,0
0.428571,0.539683,0
0.428571,0.555556,0
0.428571,0.571429,0
0.428571,0.587302,0
0.428571,0.603175,0
0.428571,0.619048,0
0.428571,0.634921,0
0.428571,0.650794,0
0.428571,0.666667,0
0.428571,0.68254,0
0.428571,0.698413,0
0.428571,0.714286,0
0.428571,0.730159,0
0.428571,0.746032,0
0.428571,0.761905,0
0.428571,0.777778,0
0.428571,0.793651,0
0.428571,0.809524,0
0.428571,0.825397,0
0.428571,0.84127,0
0.428571,0.857143,0
0.428571,0.873016,0
0.428571,0.888889,0
0.428571,0.904762,0
0.428571,0.920635,0
0.428571,0.936508,0
0.428571,0.952381,0
0.428571,0.968254,0
0.428571,0.984127,0
0.428571,1,0
0.444444,0,0
0.444444,0.015873,0
0.444444,0.031746,0
0.444444,0.047619,0
0.444444,0.0634921,0
0.444444,0.0793651,0
0.444444,0.0952381,0
0.444444,0.111111,0
0.444444,0.126984,0
0.444444,0.142857,0
0.444444,0.15873,0
0.444444,0.174603,0
0.444444,0.190476,0
0.444444,0.206349,0
0.444444,0.222222,0
0.444444,0.238095,0
0.444444,0.253968,0
0.444444,0.269841,0
0.444444,0.285714,0
0.444444,0.301587,0
0.444444,0.31746,0
0.444444,0.333333,0
0.444444,0.349206,0
0.444444,0.365079,0
0.444444,0.380952,0
0.444444,0.396825,0
0.444444,0.412698,0
0.444444,0.428571,0
0.444444,0.444444,0
0.444444,0.460317,0
0.444444,0.47619,0
0.444444,0.492063,0
0.444444,0.507937,0
0.444444,0.52381,0
0.444444,0.539683,0
0.444444,0.555556,0
0.444444,0.571429,0
0.444444,0.587302,0
0.444444,0.603175,0
0.444444,0.619048,0
0.444444,0.634921,0
0.444444,0.650794,0
0.444444,0.666667,0
0.444444,0.68254,0
0.444444,0.698413,0
0.444444,0.714286,0
0.444444,0.730159,0
0.444444,0.746032,0
0.444444,0.761905,0
0.444444,0.777778,0
0.444444,0.793651,0
0.444444,0.809524,0
0.444444,0.825397,0
0.444444,0.84127,0
0.444444,0.857143,0
0.444444,0.873016,0
0.444444,0.888889,0
0.444444,0.904762,0
0.444444,0.920635,0
0.444444,0.936508,0
0.444444,0.952381,0
0.444444,0.968254,0
0.444444,0.984127,0
0.444444,1,0
0.460317,0,0
0.460317,0.015873,0
0.460317,0.031746,0
0.460317,0.047619,0
0.460317,0.0634921,0
0.460317,0.0793651,0
0.460317,0.0952381,0
0.460317,0.111111,0
0.460317,0.126984,0
0.460317,0.142857,0
0.460317,0.15873,0
0.460317,0.174603,0
0.460317,0.190476,0
0.460317,0.206349,0
0.460317,0.222222,0
0.460317,0.238095,0
0.460317,0.253968,0
0.460317,0.269841,0
0.460317,0.285714,0
0.460317,0.301587,0
0.460317,0.31746,0
0.460317,0.333333,0
0.460317,0.349206,0
0.460317,0.365079,0
0.460317,0.380952,0
0.460317,0.396825,0
0.460317,0.412698,0
0.460317,0.428571,0
0.460317,0.444444,0
0.460317,0.460317,0
0.460317,0.47619,0
0.460317,0.492063,0
0.460317,0.507937,0
0.460317,0.52381,0
0.460317,0.539683,0
0.460317,0.555556,0
0.460317,0.571429,0
0.460317,0.587302,0
0.460317,0.603175,0
0.460317,0.619048,0
0.460317,0.634921,0
0.460317,0.650794,0
0.460317,0.666667,0
0.460317,0.68254,0
0.460317,0.698413,0
0.460317,0.714286,0
0.460317,0.730159,0
0.460317,0.746032,0
0.460317,0.761905,0
0.460317,0.777778,0
0.460317,0.793651,0
0.460317,0.809524,0
0.460317,0.825397,0
0.460317,0.84127,0
0.460317,0.857143,0
0.460317,0.873016,0
0.460317,0.888889,0
0.460317,0.904762,0
0.460317,0.920635,0
0.460317,0.936508,0
0.460317,0.952381,0
0.460317,0.968254,0
0.460317,0.984127,0
0.460317,1,0
0.47619,0,0
0.47619,0.015873,0
0.47619,0.031746,0
0.47619,0.047619,0
0.47619,0.0634921,0
0.47619,0.0793651,0
0.47619,0.0952381,0
0.47619,0.111111,0
0.47619,0.126984,0
0.47619,0.142857,0
0.47619,0.15873,0
0.47619,0.174603,0
0.47619,0.190476,0
0.47619,0.206349,0
0.47619,0.222222,0
0.47619,0.238095,0
0.47619,0.253968,0
0.47619,0.269841,0
0.47619,0.285714,0
0.47619,0.301587,0
0.47619,0.31746,0
0.47619,0.333333,0
0.47619,0.349206,0
0.47619,0.365079,0
0.47619,0.380952,0
0.47619,0.396825,0
0.47619,0.412698,0
0.47619,0.428571,0
0.47619,0.444444,0
0.47619,0.460317,0
0.47619,0.47619,0
0.47619,0.492063,0
0.47619,0.507937,0
0.47619,0.52381,0
0.47619,0.539683,0
0.47619,0.555556,0
0.47619,0.571429,0
0.47619,0.587302,0
0.47619,0.603175,0
0.47619,0.619048,0
0.47619,0.634921,0
0.47619,0.650794,0
0.47619,0.666667,0
0.47619,0.68254,0
0.47619,0.698413,0
0.47619,0.714286,0
0.47619,0.730159,0
0.47619,0.746032,0
0.47619,0.761905,0
0.47619,0.777778,0
0.47619,0.793651,0
0.47619,0.809524,0
0.47619,0.825397,0
0.47619,0.84127,0
0.47619,0.857143,0
0.47619,0.873016,0
0.47619,0.888889,0
0.47619,0.904762,0
0.47619,0.920635,0
0.47619,0.936508,0
0.47619,0.952381,0
0.47619,0.968254,0
0.47619,0.984127,0
0.47619,1,0
0.492063,0,0
0.492063,0.015873,0
0.492063,0.031746,0
0.492063,0.047619,0
0.492063,0.0634921,0
0.492063,0.0793651,0
0.492063,0.0952381,0
0.492063,0.111111,0
0.492063,0.126984,0
0.492063,0.142857,0
0.492063,0.15873,0
0.492063,0.174603,0
0.492063,0.190476,0
0.492063,0.206349,0
0.492063,0.222222,0
0.492063,0.238095,0
0.492063,0.253968,0
0.492063,0.269841,0
0.492063,0.285714,0
0.492063,0.301587,0
0.492063,0.31746,0
0.492063,0.333333,0
0.492063,0.349206,0
0.492063,0.365079,0
0.492063,0.380952,0
0.492063,0.396825,0
0.492063,0.412698,0
0.492063,0.428571,0
0.492063,0.444444,0
0.492063,0.460317,0
0.492063,0.47619,0
0.492063,0.492063,0
0.492063,0.507937,0
0.492063,0.52381,0
0.492063,0.539683,0
0.492063,0.555556,0
0.492063,0.571429,0
0.492063,0.587302,0
0.492063,0.603175,0
0.492063,0.619048,0
0.492063,0.634921,0
0.492063,0.650794,0
0.492063,0.666667,0
0.492063,0.68254,0
0.492063,0.698413,0
0.492063,0.714286,0
0.492063,0.730159,0
0.492063,0.746032,0
0.492063,0.761905,0
0.492063,0.777778,0
0.492063,0.793651,0
0.492063,0.809524,0
0.492063,0.825397,0
0.492063,0.84127,0
0.492063,0.857143,0
0.492063,0.873016,0
0.492063,0.888889,0
0.492063,0.904762,0
0.492063,0.920635,0
0.492063,0.936508,0
0.492063,0.952381,0
0.492063,0.968254,0
0.492063,0.984127,0
0.492063,1,0
0.507937,0,0
0.507937,0.015873,0
0.507937,0.031746,0
0.507937,0.047619,0
0.507937,0.0634921,0
0.507937,0.0793651,0
0.507937,0.0952381,0
0.507937,0.111111,0
0.507937,0.126984,0
0.507937,0.142857,0
0.507937,0.15873,0
0.507937,0.174603,0
0.507937,0.190476,0
0.507937,0.206349,0
0.507937,0.222222,0
0.507937,0.238095,0
0.507937,0.253968,0
0.507937,0.269841,0
0.507937,0.285714,0
0.507937,0.301587,0
0.507937,0.31746,0
0.507937,0.333333,0
0.507937,0.349206,0
0.507937,0.365079,0
0.507937,0.380952,0
0.507937,0.396825,0
0.507937,0.412698,0
0.507937,0.428571,0
0.507937,0.444444,0
0.507937,0.460317,0
0.507937,0.47619,0
0.507937,0.492063,0
0.507937,0.507937,0
0.507937,0.52381,0
0.507937,0.539683,0
0.507937,0.555556,0
0.507937,0.571429,0
0.507937,0.587302,0
0.507937,0.603175,0
0.507937,0.619048,0
0.507937,0.634921,0
0.507937,0.650794,0
0.507937,0.666667,0
0.507937,0.68254,0
0.507937,0.698413,0
0.507937,0.714286,0
0.507937,0.730159,0
0.507937,0.746032,0
0.507937,0.761905,0
0.507937,0.777778,0
0.507937,0.793651,0
0.507937,0.809524,0
0.507937,0.825397,0
0.507937,0.84127,0
0.507937,0.857143,0
0.507937,0.873016,0
0.507937,0.888889,0
0.507937,0.904762,0
0.507937,0.920635,0
0.507937,0.936508,0
0.507937,0.952381,0
0.507937,0.968254,0
0.507937,0.984127,0
0.507937,1,0
0.52381,0,0
0.52381,0.015873,0
0.52381,0.031746,0
0.52381,0.047619,0
0.52381,0.0634921,0
0.52381,0.0793651,0
0.52381,0.0952381,0
0.52381,0.111111,0
0.52381,0.126984,0
0.52381,0.142857,0
0.52381,0.15873,0
0.52381,0.174603,0
0.52381,0.190476,0
0.52381,0.206349,0
0.52381,0.222222,0
0.52381,0.238095,0
0.52381,0.253968,0
0.52381,0.269841,0
0.52381,0.285714,0
0.52381,0.301587,0
0.52381,0.31746,0
0.52381,0.333333,0
0.52381,0.349206,0
0.52381,0.365079,0
0.52381,0.380952,0
0.52381,0.396825,0
0.52381,0.412698,0
0.52381,0.428571,0
0.52381,0.444444,0
0.52381,0.460317,0
0.52381,0.47619,0
0.52381,0.492063,0
0.52381,0.507937,0
0.52381,0.52381,0
0.52381,0.539683,0
0.52381,0.555556,0
0.52381,0.571429,0
0.52381,0.587302,0
0.52381,0.603175,0
0.52381,0.619048,0
0.52381,0.634921,0
0.52381,0.650794,0
0.52381,0.666667,0
0.52381,0.68254,0
0.52381,0.698413,0
0.52381,0.714286,0
0.52381,0.730159,0
0.52381,0.746032,0
0.52381,0.761905,0
0.52381,0.777778,0
0.52381,0.793651,0
0.52381,0.809524,0
0.52381,0.825397,0
0.52381,0.84127,0
0.52381,0.857143,0
0.52381,0.873016,0
0.52381,0.888889,0
0.52381,0.904762,0
0.52381,0.920635,0
0.52381,0.936508,0
0.52381,0.952381,0
0.52381,0.968254,0
0.52381,0.984127,0
0.52381,1,0
0.539683,0,0
0.539683,0.015873,0
0.539683,0.031746,0
0.539683,0.047619,0
0.539683,0.0634921,0
0.539683,0.0793651,0
0.539683,0.0952381,0
0.539683,0.111111,0
0.539683,0.126984,0
0.539683,0.142857,0
0.539683,0.15873,0
0.539683,0.174603,0
0.539683,0.190476,0
0.539683,0.206349,0
0.539683,0.222222,0
0.539683,0.238095,0
0.539683,0.253968,0
0.539683,0.269841,0
0.539683,0.285714,0
0.539683,0.301587,0
0.539683,0.31746,0
0.539683,0.333333,0
0.539683,0.349206,0
0.539683,0.365079,0
0.539683,0.380952,0
0.539683,0.396825,0
0.539683,0.412698,0
0.539683,0.428571,0
0.539683,0.444444,0
0.539683,0.460317,0
0.539683,0.47619,0
0.539683,0.492063,0
0.539683,0.507937,0
0.539683,0.52381,0
0.539683,0.539683,0
0.539683,0.555556,0
0.539683,0.571429,0
0.539683,0.587302,0
0.539683,0.603175,0
0.539683,0.619048,0
0.539683,0.634921,0
0.539683,0.650794,0
0.539683,0.666667,0
0.539683,0.68254,0
0.539683,0.698413,0
0.539683,0.714286,0
0.539683,0.730159,0
0.539683,0.746032,0
0.539683,0.761905,0
0.539683,0.777778,0
0.539683,0.793651,0
0.539683,0.809524,0
0.539683,0.825397,0
0.539683,0.84127,0
0.539683,0.857143,0
0.539683,0.873016,0
0.539683,0.888889,0
0.539683,0.904762,0
0.539683,0.920635,0
0.539683,0.936508,0
0.539683,0.952381,0
0.539683,0.968254,0
0.539683,0.984127,0
0.539683,1,0
0.555556,0,0
0.555556,0.015873,0
0.555556,0.031746,0
0.555556,0.047619,0
0.555556,0.0634921,0
0.555556,0.0793651,0
0.555556,0.0952381,0
0.555556,0.111111,0
0.555556,0.126984,0
0.555556,0.142857,0
0.555556,0.15873,0
0.555556,0.174603,0
0.555556,0.190476,0
0.555556,0.206349,0
0.555556,0.222222,0
0.555556,0.238095,0
0.555556,0.253968,0
0.555556,0.269841,0
0.555556,0.285714,0
0.555556,0.301587,0
0.555556,0.31746,0
0.555556,0.333333,0
0.555556,0.349206,0
0.555556,0.365079,0
0.555556,0.380952,0
0.555556,0.396825,0
0.555556,0.412698,0
0.555556,0.428571,0
0.555556,0.444444,0
0.555556,0.460317,0
0.555556,0.47619,0
0.555556,0.492063,0
0.555556,0.507937,0
0.555556,0.52381,0
0.555556,0.539683,0
0.555556,0.555556,0
0.555556,0.571429,0
0.555556,0.587302,0
0.555556,0.603175,0
0.555556,0.619048,0
0.555556,0.634921,0
0.555556,0.650794,0
0.555556,0.666667,0
0.555556,0.68254,0
0.555556,0.698413,0
0.555556,0.714286,0
0.555556,0.730159,0
0.555556,0.746032,0
0.555556,0.761905,0
0.555556,0.777778,0
0.555556,0.793651,0
0.555556,0.809524,0
0.555556,0.825397,0
0.555556,0.84127,0
0.555556,0.857143,0
0.555556,0.873016,0
0.555556,0.888889,0
0.555556,0.904762,0
0.555556,0.920635,0
0.555556,0.936508,0
0.555556,0.952381,0
0.555556,0.968254,0
0.555556,0.984127,0
0.555556,1,0
0.571429,0,0
0.571429,0.015873,0
0.571429,0.031746,0
0.571429,0.047619,0
0.571429,0.0634921,0
0.571429,0.0793651,0
0.571429,0.0952381,0
0.571429,0.111111,0
0.571429,0.126984,0
0.571429,0.142857,0
0.571429,0.15873,0
0.571429,0.174603,0
0.571429,0.190476,0
0.571429,0.206349,0
0.571429,0.222222,0
0.571429,0.238095,0
0.571429,0.253968,0
0.571429,0.269841,0
0.571429,0.285714,0
0.571429,0.301587,0
0.571429,0.31746,0
0.571429,0.333333,0
0.571429,0.349206,0
0.571429,0.365079,0
0.571429,0.380952,0
0.571429,0.396825,0
0.571429,0.412698,0
0.571429,0.428571,0
0.571429,0.444444,0
0.571429,0.460317,0
0.571429,0.47619,0
0.571429,0.492063,0
0.571429,0.507937,0
0.571429,0.52381,0
0.571429,0.539683,0
0.571429,0.555556,0
0.571429,0.571429,0
0.571429,0.587302,0
0.571429,0.603175,0
0.571429,0.619048,0
0.571429,0.634921,0
0.571429,0.650794,0
0.571429,0.666667,0
0.571429,0.68254,0
0.571429,0.698413,0
0.571429,0.714286,0
0.571429,0.730159,0
0.571429,0.746032,0
0.571429,0.761905,0
0.571429,0.777778,0
0.571429,0.793651,0
0.571429,0.809524,0
0.571429,0.825397,0
0.571429,0.84127,0
0.571429,0.857143,0
0.571429,0.873016,0
0.571429,0.888889,0
0.571429,0.904762,0
0.571429,0.920635,0
0.571429,0.936508,0
0.571429,0.952381,0
0.571429,0.968254,0
0.571429,0.984127,0
0.571429,1,0
0.587302,0,0
0.587302,0.015873,0
0.587302,0.031746,0
0.587302,0.047619,0
0.587302,0.0634921,0
0.587302,0.0793651,0
0.587302,0.0952381,0
0.587302,0.111111,0
0.587302,0.126984,0
0.587302,0.142857,0
0.587302,0.15873,0
0.587302,0.174603,0
0.587302,0.190476,0
0.587302,0.206349,0
0.587302,0.222222,0
0.587302,0.238095,0
0.587302,0.253968,0
0.587302,0.269841,0
0.587302,0.285714,0
0.587302,0.301587,0
0.587302,0.31746,0
0.587302,0.333333,0
0.587302,0.349206,0
0.587302,0.365079,0
0.587302,0.380952,0
0.587302,0.396825,0
0.587302,0.412698,0
0.587302,0.428571,0
0.587302,0.444444,0
0.587302,0.460317,0
0.587302,0.47619,0
0.587302,0.492063,0
0.587302,0.507937,0
0.587302,0.52381,0
0.587302,0.539683,0
0.587302,0.555556,0
0.587302,0.571429,0
0.587302,0.587302,0
0.587302,0.603175,0
0.587302,0.619048,0
0.587302,0.634921,0
0.587302,0.650794,0
0.587302,0.666667,0
0.587302,0.68254,0
0.587302,0.698413,0
0.587302,0.714286,0
0.587302,0.730159,0
0.587302,0.746032,0
0.587302,0.761905,0
0.587302,0.777778,0
0.587302,0.793651,0
0.587302,0.809524,0
0.587302,0.825397,0
0.587302,0.84127,0
0.587302,0.857143,0
0.587302,0.873016,0
0.587302,0.888889,0
0.587302,0.904762,0
0.587302,0.920635,0
0.587302,0.936508,0
0.587302,0.952381,0
0.587302,0.968254,0
0.587302,0.984127,0
0.587302,1,0
0.603175,0,0
0.603175,0.015873,0
0.603175,0.031746,0
0.603175,0.047619,0
0.603175,0.0634921,0
0.603175,0.0793651,0
0.603175,0.0952381,0
0.603175,0.111111,0
0.603175,0.126984,0
0.603175,0.142857,0
0.603175,0.15873,0
0.603175,0.174603,0
0.603175,0.190476,0
0.603175,0.206349,0
0.603175,0.222222,0
0.603175,0.238095,0
0.603175,0.253968,0
0.603175,0.269841,0
0.603175,0.285714,0
0.603175,0.301587,0
0.603175,0.31746,0
0.603175,0.333333,0
0.603175,0.349206,0
0.603175,0.365079,0
0.603175,0.380952,0
0.603175,0.396825,0
0.603175,0.412698,0
0.603175,0.428571,0
0.603175,0.444444,0
0.603175,0.460317,0
0.603175,0.47619,0
0.603175,0.492063,0
0.603175,0.507937,0
0.603175,0.52381,0
0.603175,0.539683,0
0.603175,0.555556,0
0.603175,0.571429,0
0.603175,0.587302,0
0.603175,0.603175,0
0.603175,0.619048,0
0.603175,0.634921,0
0.603175,0.650794,0
0.603175,0.666667,0
0.603175,0.68254,0
0.603175,0.698413,0
0.603175,0.714286,0
0.603175,0.730159,0
0.603175,0.746032,0
0.603175,0.761905,0
0.603175,0.777778,0
0.603175,0.793651,0
0.603175,0.809524,0
0.603175,0.825397,0
0.603175,0.84127,0
0.603175,0.857143,0
0.603175,0.873016,0
0.603175,0.888889,0
0.603175,0.904762,0
0.603175,0.920635,0
0.603175,0.936508,0
0.603175,0.952381,0
0.603175,0.968254,0
0.603175,0.984127,0
0.603175,1,0
0.619048,0,0
0.619048,0.015873,0
0.619048,0.031746,0
0.619048,0.047619,0
0.619048,0.0634921,0
0.619048,0.0793651,0
0.619048,0.0952381,0
0.619048,0.111111,0
0.619048,0.126984,0
0.619048,0.142857,0
0.619048,0.15873,0
0.619048,0.174603,0
0.619048,0.190476,0
0.619048,0.206349,0
0.619048,0.222222,0
0.619048,0.238095,0
0.619048,0.253968,0
0.619048,0.269841,0
0.619048,0.285714,0
0.619048,0.301587,0
0.619048,0.31746,0
0.619048,0.333333,0
0.619048,0.349206,0
0.619048,0.365079,0
0.619048,0.380952,0
0.619048,0.396825,0
0.619048,0.412698,0
0.619048,0.428571,0
0.619048,0.444444,0
0.619048,0.460317,0
0.619048,0.47619,0
0.619048,0.492063,0
0.619048,0.507937,0
0.619048,0.52381,0
0.619048,0.539683,0
0.619048,0.555556,0
0.619048,0.571429,0
0.619048,0.587302,0
0.619048,0.603175,0
0.619048,0.619048,0
0.619048,0.634921,0
0.619048,0.650794,0
0.619048,0.666667,0
0.619048,0.68254,0
0.619048,0.698413,0
0.619048,0.714286,0
0.619048,0.730159,0
0.619048,0.746032,0
0.619048,0.761905,0
0.619048,0.777778,0
0.619048,0.793651,0
0.619048,0.809524,0
0.619048,0.825397,0
0.619048,0.84127,0
0.619048,0.857143,0
0.619048,0.873016,0
0.619048,0.888889,0
0.619048,0.904762,0
0.619048,0.920635,0
0.619048,0.936508,0
0.619048,0.952381,0
0.619048,0.968254,0
0.619048,0.984127,0
0.619048,1,0
0.634921,0,0
0.634921,0.015873,0
0.634921,0.031746,0
0.634921,0.047619,0
0.634921,0.0634921,0
0.634921,0.0793651,0
0.634921,0.0952381,0
0.634921,0.111111,0
0.634921,0.126984,0
0.634921,0.142857,0
0.634921,0.15873,0
0.634921,0.174603,0
0.634921,0.190476,0
0.634921,0.206349,0
0.634921,0.222222,0
0.634921,0.238095,0
0.634921,0.253968,0
0.634921,0.269841,0
0.634921,0.285714,0
0.634921,0.301587,0
0.634921,0.31746,0
0.634921,0.333333,0
0.634921,0.349206,0
0.634921,0.365079,0
0.634921,0.380952,0
0.634921,0.396825,0
0.634921,0.412698,0
0.634921,0.428571,0
0.634921,0.444444,0
0.634921,0.460317,0
0.634921,0.47619,0
0.634921,0.492063,0
0.634921,0.507937,0
0.634921,0.52381,0
0.634921,0.539683,0
0.634921,0.555556,0
0.634921,0.571429,0
0.634921,0.587302,0
0.634921,0.603175,0
0.634921,0.619048,0
0.634921,0.634921,0
0.634921,0.650794,0
0.634921,0.666667,0
0.634921,0.68254,0
0.634921,0.698413,0
0.634921,0.714286,0
0.634921,0.730159,0
0.634921,0.746032,0
0.634921,0.761905,0
0.634921,0.777778,0
0.634921,0.793651,0
0.634921,0.809524,0
0.634921,0.825397,0
0.634921,0.84127,0
0.634921,0.857143,0
0.634921,0.873016,0
0.634921,0.888889,0
0.634921,0.904762,0
0.634921,0.920635,0
0.634921,0.936508,0
0.634921,0.952381,0
0.634921,0.968254,0
0.634921,0.984127,0
0.634921,1,0
0.650794,0,0
0.650794,0.015873,0
0.650794,0.031746,0
0.650794,0.047619,0
0.650794,0.0634921,0
0.650794,0.0793651,0
0.650794,0.0952381,0
0.650794,0.111111,0
0.650794,0.126984,0
0.650794,0.142857,0
0.650794,0.15873,0
0.650794,0.174603,0
0.650794,0.190476,0
0.650794,0.206349,0
0.650794,0.222222,0
0.650794,0.238095,0
0.650794,0.253968,0
0.650794,0.269841,0
0.650794,0.285714,0
0.650794,0.301587,0
0.650794,0.31746,0
0.650794,0.333333,0
0.650794,0.349206,0
0.650794,0.365079,0
0.650794,0.380952,0
0.650794,0.396825,0
0.650794,0.412698,0
0.650794,0.428571,0
0.650794,0.444444,0
0.650794,0.460317,0
0.650794,0.47619,0
0.650794,0.492063,0
0.650794,0.507937,0
0.650794,0.52381,0
0.650794,0.539683,0
0.650794,0.555556,0
0.650794,0.571429,0
0.650794,0.587302,0
0.650794,0.603175,0
0.650794,0.619048,0
0.650794,0.634921,0
0.650794,0.650794,0
0.650794,0.666667,0
0.650794,0.68254,0
0.650794,0.698413,0
0.650794,0.714286,0
0.650794,0.730159,0
0.650794,0.746032,0
0.650794,0.761905,0
0.650794,0.777778,0
0.650794,0.793651,0
0.650794,0.809524,0
0.650794,0.825397,0
0.650794,0.84127,0
0.650794,0.857143,0
0.650794,0.873016,0
0.650794,0.888889,0
0.650794,0.904762,0
0.650794,0.920635,0
0.650794,0.936508,0
0.650794,0.952381,0
0.650794,0.968254,0
0.650794,0.984127,0
0.650794,1,0
0.666667,0,0
0.666667,0.015873,0
0.666667,0.031746,0
0.666667,0.047619,0
0.666667,0.0634921,0
0.666667,0.0793651,0
0.666667,0.0952381,0
0.666667,0.111111,0
0.666667,0.126984,0
0.666667,0.142857,0
0.666667,0.15873,0
0.666667,0.174603,0
0.666667,0.190476,0
0.666667,0.206349,0
0.666667,0.222222,0
0.666667,0.238095,0
0.666667,0.253968,0
0.666667,0.269841,0
0.666667,0.285714,0
0.666667,0.301587,0
0.666667,0.31746,0
0.666667,0.333333,0
0.666667,0.349206,0
0.666667,0.365079,0
0.666667,0.380952,0
0.666667,0.396825,0
0.666667,0.412698,0
0.666667,0.428571,0
0.666667,0.444444,0
0.666667,0.460317,0
0.666667,0.47619,0
0.666667,0.492063,0
0.666667,0.507937,0
0.666667,0.52381,0
0.666667,0.539683,0
0.666667,0.555556,0
0.666667,0.571429,0
0.666667,0.587302,0
0.666667,0.603175,0
0.666667,0.619048,0
0.666667,0.634921,0
0.666667,0.650794,0
0.666667,0.666667,0
0.666667,0.68254,0
0.666667,0.698413,0
0.666667,0.714286,0
0.666667,0.730159,0
0.666667,0.746032,0
0.666667,0.761905,0
0.666667,0.777778,0
0.666667,0.793651,0
0.666667,0.809524,0
0.666667,0.825397,0
0.666667,0.84127,0
0.666667,0.857143,0
0.666667,0.873016,0
0.666667,0.888889,0
0.666667,0.904762,0
0.666667,0.920635,0
0.666667,0.936508,0
0.666667,0.952381,0
0.666667,0.968254,0
0.666667,0.984127,0
0.666667,1,0
0.68254,0,0
0.68254,0.015873,0
0.68254,0.031746,0
0.68254,0.047619,0
0.68254,0.0634921,0
0.68254,0.0793651,0
0.68254,0.0952381,0
0.68254,0.111111,0
0.68254,0.126984,0
0.68254,0.142857,0
0.68254,0.15873,0
0.68254,0.174603,0
0.68254,0.190476,0
0.68254,0.206349,0
0.68254,0.222222,0
0.68254,0.238095,0
0.68254,0.253968,0
0.68254,0.269841,0
0.68254,0.285714,0
0.68254,0.301587,0
0.68254,0.31746,0
0.68254,0.333333,0
0.68254,0.349206,0
0.68254,0.365079,0
0.68254,0.380952,0
0.68254,0.396825,0
0.68254,0.412698,0
0.68254,0.428571,0
0.68254,0.444444,0
0.68254,0.460317,0
0.68254,0.47619,0
0.68254,0.492063,0
0.68254,0.507937,0
0.68254,0.52381,0
0.68254,0.539683,0
0.68254,0.555556,0
0.68254,0.571429,0
0.68254,0.587302,0
0.68254,0.603175,0
0.68254,0.619048,0
0.68254,0.634921,0
0.68254,0.650794,0
0.68254,0.666667,0
0.68254,0.68254,0
0.68254,0.698413,0
0.68254,0.714286,0
0.68254,0.730159,0
0.68254,0.746032,0
0.68254,0.761905,0
0.68254,0.777778,0
0.68254,0.793651,0
0.68254,0.809524,0
0.68254,0.825397,0
0.68254,0.84127,0
0.68254,0.857143,0
0.68254,0.873016,0
0.68254,0.888889,0
0.68254,0.904762,0
0.68254,0.920635,0
0.68254,0.936508,0
0.68254,0.952381,0
0.68254,0.968254,0
0.68254,0.984127,0
0.68254,1,0
0.698413,0,0
0.698413,0.015873,0
0.698413,0.031746,0
0.698413,0.047619,0
0.698413,0.0634921,0
0.698413,0.0793651,0
0.698413,0.0952381,0
0.698413,0.111111,0
0.698413,0.126984,0
0.698413,0.142857,0
0.698413,0.15873,0
0.698413,0.174603,0
0.698413,0.190476,0
0.698413,0.206349,0
0.698413,0.222222,0
0.698413,0.238095,0
0.698413,0.253968,0
0.698413,0.269841,0
0.698413,0.285714,0
0.698413,0.301587,0
0.698413,0.31746,0
0.698413,0.333333,0
0.698413,0.349206,0
0.698413,0.365079,0
0.698413,0.380952,0
0.698413,0.396825,0
0.698413,0.412698,0
0.698413,0.428571,0
0.698413,0.444444,0
0.698413,0.460317,0
0.698413,0.47619,0
0.698413,0.492063,0
0.698413,0.507937,0
0.698413,0.52381,0
0.698413,0.539683,0
0.698413,0.555556,0
0.698413,0.571429,0
0.698413,0.587302,0
0.698413,0.603175,0
0.698413,0.619048,0
0.698413,0.634921,0
0.698413,0.650794,0
0.698413,0.666667,0
0.698413,0.68254,0
0.698413,0.698413,0
0.698413,0.714286,0
0.698413,0.730159,0
0.698413,0.746032,0
0.698413,0.761905,0
0.698413,0.777778,0
0.698413,0.793651,0
0.698413,0.809524,0
0.698413,0.825397,0
0.698413,0.84127,0
0.698413,0.857143,0
0.698413,0.873016,0
0.698413,0.888889,0
0.698413,0.904762,0
0.698413,0.920635,0
0.698413,0.936508,0
0.698413,0.952381,0
0.698413,0.968254,0
0.698413,0.984127,0
0.698413,1,0
0.714286,0,0
0.714286,0.015873,0
0.714286,0.031746,0
0.714286,0.047619,0
0.714286,0.0634921,0
0.714286,0.0793651,0
0.714286,0.0952381,0
0.714286,0.111111,0
0.714286,0.126984,0
0.714286,0.142857,0
0.714286,0.15873,0
0.714286,0.174603,0
0.714286,0.190476,0
0.714286,0.206349,0
0.714286,0.222222,0
0.714286,0.238095,0
0.714286,0.253968,0
0.714286,0.269841,0
0.714286,0.285714,0
0.714286,0.301587,0
0.714286,0.31746,0
0.714286,0.333333,0
0.714286,0.349206,0
0.714286,0.365079,0
0.714286,0.380952,0
0.714286,0.396825,0
0.714286,0.412698,0
0.714286,0.428571,0
0.714286,0.444444,0
0.714286,0.460317,0
0.714286,0.47619,0
0.714286,0.492063,0
0.714286,0.507937,0
0.714286,0.52381,0
0.714286,0.539683,0
0.714286,0.555556,0
0.714286,0.571429,0
0.714286,0.587302,0
0.714286,0.603175,0
0.714286,0.619048,0
0.714286,0.634921,0
0.714286,0.650794,0
0.714286,0.666667,0
0.714286,0.68254,0
0.714286,0.698413,0
0.714286,0.714286,0
0.714286,0.730159,0
0.714286,0.746032,0
0.714286,0.761905,0
0.714286,0.777778,0
0.714286,0.793651,0
0.714286,0.809524,0
0.714286,0.825397,0
0.714286,0.84127,0
0.714286,0.857143,0
0.714286,0.873016,0
0.714286,0.888889,0
0.714286,0.904762,0
0.714286,0.920635,0
0.714286,0.936508,0
0.714286,0.952381,0
0.714286,0.968254,0
0.714286,0.984127,0
0.714286,1,0
0.730159,0,0
0.730159,0.015873,0
0.730159,0.031746,0
0.730159,0.047619,0
0.730159,0.0634921,0
0.730159,0.0793651,0
0.730159,0.0952381,0
0.730159,0.111111,0
0.730159,0.126984,0
0.730159,0.142857,0
0.730159,0.15873,0
0.730159,0.174603,0
0.730159,0.190476,0
0.730159,0.206349,0
0.730159,0.222222,0
0.730159,0.238095,0
0.730159,0.253968,0
0.730159,0.269841,0
0.730159,0.285714,0
0.730159,0.301587,0
0.730159,0.31746,0
0.730159,0.333333,0
0.730159,0.349206,0
0.730159,0.365079,0
0.730159,0.380952,0
0.730159,0.396825,0
0.730159,0.412698,0
0.730159,0.428571,0
0.730159,0.444444,0
0.730159,0.460317,0
0.730159,0.47619,0
0.730159,0.492063,0
0.730159,0.507937,0
0.730159,0.52381,0
0.730159,0.539683,0
0.730159,0.555556,0
0.730159,0.571429,0
0.730159,0.587302,0
0.730159,0.603175,0
0.730159,0.619048,0
0.730159,0.634921,0
0.730159,0.650794,0
0.730159,0.666667,0
0.730159,0.68254,0
0.730159,0.698413,0
0.730159,0.714286,0
0.730159,0.730159,0
0.730159,0.746032,0
0.730159,0.761905,0
0.730159,0.777778,0
0.730159,0.793651,0
0.730159,0.809524,0
0.730159,0.825397,0
0.730159,0.84127,0
0.730159,0.857143,0
0.730159,0.873016,0
0.730159,0.888889,0
0.730159,0.904762,0
0.730159,0.920635,0
0.730159,0.936508,0
0.730159,0.952381,0
0.730159,0.968254,0
0.730159,0.984127,0
0.730159,1,0
0.746032,0,0
0.746032,0.015873,0
0.746032,0.031746,0
0.746032,0.047619,0
0.746032,0.0634921,0
0.746032,0.0793651,0
0.746032,0.0952381,0
0.746032,0.111111,0
0.746032,0.126984,0
0.746032,0.142857,0
0.746032,0.15873,0
0.746032,0.174603,0
0.746032,0.190476,0
0.746032,0.206349,0
0.746032,0.222222,0
0.746032,0.238095,0
0.746032,0.253968,0
0.746032,0.269841,0
0.746032,0.285714,0
0.746032,0.301587,0
0.746032,0.31746,0
0.746032,0.333333,0
0.746032,0.349206,0
0.746032,0.365079,0
0.746032,0.380952,0
0.746032,0.396825,0
0.746032,0.412698,0
0.746032,0.428571,0
0.746032,0.444444,0
0.746032,0.460317,0
0.746032,0.47619,0
0.746032,0.492063,0
0.746032,0.507937,0
0.746032,0.52381,0
0.746032,0.539683,0
0.746032,0.555556,0
0.746032,0.571429,0
0.746032,0.587302,0
0.746032,0.603175,0
0.746032,0.619048,0
0.746032,0.634921,0
0.746032,0.650794,0
0.746032,0.666667,0
0.746032,0.68254,0
0.746032,0.698413,0
0.746032,0.714286,0
0.746032,0.730159,0
0.746032,0.746032,0
0.746032,0.761905,0
0.746032,0.777778,0
0.746032,0.793651,0
0.746032,0.809524,0
0.746032,0.825397,0
0.746032,0.84127,0
0.746032,0.857143,0
0.746032,0.873016,0
0.746032,0.888889,0
0.746032,0.904762,0
0.746032,0.920635,0
0.746032,0.936508,0
0.746032,0.952381,0
0.746032,0.968254,0
0.746032,0.984127,0
0.746032,1,0
0.761905,0,0
0.761905,0.015873,0
0.761905,0.031746,0
0.761905,0.047619,0
0.761905,0.0634921,0
0.761905,0.0793651,0
0.761905,0.0952381,0
0.761905,0.111111,0
0.761905,0.126984,0
0.761905,0.142857,0
0.761905,0.15873,0
0.761905,0.174603,0
0.761905,0.190476,0
0.761905,0.206349,0
0.761905,0.222222,0
0.761905,0.238095,0
0.761905,0.253968,0
0.761905,0.269841,0
0.761905,0.285714,0
0.761905,0.301587,0
0.761905,0.31746,0
0.761905,0.333333,0
0.761905,0.349206,0
0.761905,0.365079,0
0.761905,0.380952,0
0.761905,0.396825,0
0.761905,0.412698,0
0.761905,0.428571,0
0.761905,0.444444,0
0.761905,0.460317,0
0.761905,0.47619,0
0.761905,0.492063,0
0.761905,0.507937,0
0.761905,0.52381,0
0.761905,0.539683,0
0.761905,0.555556,0
0.761905,0.571429,0
0.761905,0.587302,0
0.761905,0.603175,0
0.761905,0.619048,0
0.761905,0.634921,0
0.761905,0.650794,0
0.761905,0.666667,0
0.761905,0.68254,0
0.761905,0.698413,0
0.761905,0.714286,0
0.761905,0.730159,0
0.761905,0.746032,0
0.761905,0.761905,0
0.761905,0.777778,0
0.761905,0.793651,0
0.761905,0.809524,0
0.761905,0.825397,0
0.761905,0.84127,0
0.761905,0.857143,0
0.761905,0.873016,0
0.761905,0.888889,0
0.761905,0.904762,0
0.761905,0.920635,0
0.761905,0.936508,0
0.761905,0.952381,0
0.761905,0.968254,0
0.761905,0.984127,0
0.761905,1,0
0.777778,0,0
0.777778,0.015873,0
0.777778,0.031746,0
0.777778,0.047619,0
0.777778,0.0634921,0
0.777778,0.0793651,0
0.777778,0.0952381,0
0.777778,0.111111,0
0.777778,0.126984,0
0.777778,0.142857,0
0.777778,0.15873,0
0.777778,0.174603,0
0.777778,0.190476,0
0.777778,0.206349,0
0.777778,0.222222,0
0.777778,0.238095,0
0.777778,0.253968,0
0.777778,0.269841,0
0.777778,0.285714,0
0.777778,0.301587,0
0.777778,0.31746,0
0.777778,0.333333,0
0.777778,0.349206,0
0.777778,0.365079,0
0.777778,0.380952,0
0.777778,0.396825,0
0.777778,0.412698,0
0.777778,0.428571,0
0.777778,0.444444,0
0.777778,0.460317,0
0.777778,0.47619,0
0.777778,0.492063,0
0.777778,0.507937,0
0.777778,0.52381,0
0.777778,0.539683,0
0.777778,0.555556,0
0.777778,0.571429,0
0.777778,0.587302,0
0.777778,0.603175,0
0.777778,0.619048,0
0.777778,0.634921,0
0.777778,0.650794,0
0.777778,0.666667,0
0.777778,0.68254,0
0.777778,0.698413,0
0.777778,0.714286,0
0.777778,0.730159,0
0.777778,0.746032,0
0.777778,0.761905,0
0.777778,0.777778,0
0.777778,0.793651,0
0.777778,0.809524,0
0.777778,0.825397,0
0.777778,0.84127,0
0.777778,0.857143,0
0.777778,0.873016,0
0.777778,0.888889,0
0.777778,0.904762,0
0.777778,0.920635,0
0.777778,0.936508,0
0.777778,0.952381,0
0.777778,0.968254,0
0.777778,0.984127,0
0.777778,1,0
0.793651,0,0
0.793651,0.015873,0
0.793651,0.031746,0
0.793651,0.047619,0
0.793651,0.0634921,0
0.793651,0.0793651,0
0.793651,0.0952381,0
0.793651,0.111111,0
0.793651,0.126984,0
0.793651,0.142857,0
0.793651,0.15873,0
0.793651,0.174603,0
0.793651,0.190476,0
0.793651,0.206349,0
0.793651,0.222222,0
0.793651,0.238095,0
0.793651,0.253968,0
0.793651,0.269841,0
0.793651,0.285714,0
0.793651,0.301587,0
0.793651,0.31746,0
0.793651,0.333333,0
0.793651,0.349206,0
0.793651,0.365079,0
0.793651,0.380952,0
0.793651,0.396825,0
0.793651,0.412698,0
0.793651,0.428571,0
0.793651,0.444444,0
0.793651,0.460317,0
0.793651,0.47619,0
0.793651,0.492063,0
0.793651,0.507937,0
0.793651,0.52381,0
0.793651,0.539683,0
0.793651,0.555556,0
0.793651,0.571429,0
0.793651,0.587302,0
0.793651,0.603175,0
0.793651,0.619048,0
0.793651,0.634921,0
0.793651,0.650794,0
0.793651,0.666667,0
0.793651,0.68254,0
0.793651,0.698413,0
0.793651,0.714286,0
0.793651,0.730159,0
0.793651,0.746032,0
0.793651,0.761905,0
0.793651,0.777778,0
0.793651,0.793651,0
0.793651,0.809524,0
0.793651,0.825397,0
0.793651,0.84127,0
0.793651,0.857143,0
0.793651,0.873016,0
0.793651,0.888889,0
0.793651,0.904762,0
0.793651,0.920635,0
0.793651,0.936508,0
0.793651,0.952381,0
0.793651,0.968254,0
0.793651,0.984127,0
0.793651,1,0
0.809524,0,0
0.809524,0.015873,0
0.809524,0.031746,0
0.809524,0.047619,0
0.809524,0.0634921,0
0.809524,0.0793651,0
0.809524,0.0952381,0
0.809524,0.111111,0
0.809524,0.126984,0
0.809524,0.142857,0
0.809524,0.15873,0
0.809524,0.174603,0
0.809524,0.190476,0
0.809524,0.206349,0
0.809524,0.222222,0
0.809524,0.238095,0
0.809524,0.253968,0
0.809524,0.269841,0
0.809524,0.285714,0
0.809524,0.301587,0
0.809524,0.31746,0
0.809524,0.333333,0
0.809524,0.349206,0
0.809524,0.365079,0
0.809524,0.380952,0
0.809524,0.396825,0
0.809524,0.412698,0
0.809524,0.428571,0
0.809524,0.444444,0
0.809524,0.460317,0
0.809524,0.47619,0
0.809524,0.492063,0
0.809524,0.507937,0
0.809524,0.52381,0
0.809524,0.539683,0
0.809524,0.555556,0
0.809524,0.571429,0
0.809524,0.587302,0
0.809524,0.603175,0
0.809524,0.619048,0
0.809524,0.634921,0
0.809524,0.650794,0
0.809524,0.666667,0
0.809524,0.68254,0
0.809524,0.698413,0
0.809524,0.714286,0
0.809524,0.730159,0
0.809524,0.746032,0
0.809524,0.761905,0
0.809524,0.777778,0
0.809524,0.793651,0
0.809524,0.809524,0
0.809524,0.825397,0
0.809524,0.84127,0
0.809524,0.857143,0
0.809524,0.873016,0
0.809524,0.888889,0
0.809524,0.904762,0
0.809524,0.920635,0
0.809524,0.936508,0
0.809524,0.952381,0
0.809524,0.968254,0
0.809524,0.984127,0
0.809524,1,0
0.825397,0,0
0.825397,0.015873,0
0.825397,0.031746,0
0.825397,0.047619,0
0.825397,0.0634921,0
0.825397,0.0793651,0
0.825397,0.0952381,0
0.825397,0.111111,0
0.825397,0.126984,0
0.825397,0.142857,0
0.825397,0.15873,0
0.825397,0.174603,0
0.825397,0.190476,0
0.825397,0.206349,0
0.825397,0.222222,0
0.825397,0.238095,0
0.825397,0.253968,0
0.825397,0.269841,0
0.825397,0.285714,0
0.825397,0.301587,0
0.825397,0.31746,0
0.825397,0.333333,0
0.825397,0.349206,0
0.825397,0.365079,0
0.825397,0.380952,0
0.825397,0.396825,0
0.825397,0.412698,0
0.825397,0.428571,0
0.825397,0.444444,0
0.825397,0.460317,0
0.825397,0.47619,0
0.825397,0.492063,0
0.825397,0.507937,0
0.825397,0.52381,0
0.825397,0.539683,0
0.825397,0.555556,0
0.825397,0.571429,0
0.825397,0.587302,0
0.825397,0.603175,0
0.825397,0.619048,0
0.825397,0.634921,0
0.825397,0.650794,0
0.825397,0.666667,0
0.825397,0.68254,0
0.825397,0.698413,0
0.825397,0.714286,0
0.825397,0.730159,0
0.825397,0.746032,0
0.825397,0.761905,0
0.825397,0.777778,0
0.825397,0.793651,0
0.825397,0.809524,0
0.825397,0.825397,0
0.825397,0.84127,0
0.825397,0.857143,0
0.825397,0.873016,0
0.825397,0.888889,0
0.825397,0.904762,0
0.825397,0.920635,0
0.825397,0.936508,0
0.825397,0.952381,0
0.825397,0.968254,0
0.825397,0.984127,0
0.825397,1,0
0.84127,0,0
0.84127,0.015873,0
0.84127,0.031746,0
0.84127,0.047619,0
0.84127,0.0634921,0
0.84127,0.0793651,0
0.84127,0.0952381,0
0.84127,0.111111,0
0.84127,0.126984,0
0.84127,0.142857,0
0.84127,0.15873,0
0.84127,0.174603,0
0.84127,0.190476,0
0.84127,0.206349,0
0.84127,0.222222,0
0.84127,0.238095,0
0.84127,0.253968,0
0.84127,0.269841,0
0.84127,0.285714,0
0.84127,0.301587,0
0.84127,0.31746,0
0.84127,0.333333,0
0.84127,0.349206,0
0.84127,0.365079,0
0.84127,0.380952,0
0.84127,0.396825,0
0.84127,0.412698,0
0.84127,0.428571,0
0.84127,0.444444,0
0.84127,0.460317,0
0.84127,0.47619,0
0.84127,0.492063,0
0.84127,0.507937,0
0.84127,0.52381,0
0.84127,0.539683,0
0.84127,0.555556,0
0.84127,0.571429,0
0.84127,0.587302,0
0.84127,0.603175,0
0.84127,0.619048,0
0.84127,0.634921,0
0.84127,0.650794,0
0.84127,0.666667,0
0.84127,0.68254,0
0.84127,0.698413,0
0.84127,0.714286,0
0.84127,0.730159,0
0.84127,0.746032,0
0.84127,0.761905,0
0.84127,0.777778,0
0.84127,0.793651,0
0.84127,0.809524,0
0.84127,0.825397,0
0.84127,0.84127,0
0.84127,0.857143,0
0.84127,0.873016,0
0.84127,0.888889,0
0.84127,0.904762,0
0.84127,0.920635,0
0.84127,0.936508,0
0.84127,0.952381,0
0.84127,0.968254,0
0.84127,0.984127,0
0.84127,1,0
0.857143,0,0
0.857143,0.015873,0
0.857143,0.031746,0
0.857143,0.047619,0
0.857143,0.0634921,0
0.857143,0.0793651,0
0.857143,0.0952381,0
0.857143,0.111111,0
0.857143,0.126984,0
0.857143,0.142857,0
0.857143,0.15873,0
0.857143,0.174603,0
0.857143,0.190476,0
0.857143,0.206349,0
0.857143,0.222222,0
0.857143,0.238095,0
0.857143,0.253968,0
0.857143,0.269841,0
0.857143,0.285714,0
0.857143,0.301587,0
0.857143,0.31746,0
0.857143,0.333333,0
0.857143,0.349206,0
0.857143,0.365079,0
0.857143,0.380952,0
0.857143,0.396825,0
0.857143,0.412698,0
0.857143,0.428571,0
0.857143,0.444444,0
0.857143,0.460317,0
0.857143,0.47619,0
0.857143,0.492063,0
0.857143,0.507937,0
0.857143,0.52381,0
0.857143,0.539683,0
0.857143,0.555556,0
0.857143,0.571429,0
0.857143,0.587302,0
0.857143,0.603175,0
0.857143,0.619048,0
0.857143,0.634921,0
0.857143,0.650794,0
0.857143,0.666667,0
0.857143,0.68254,0
0.857143,0.698413,0
0.857143,0.714286,0
0.857143,0.730159,0
0.857143,0.746032,0
0.857143,0.761905,0
0.857143,0.777778,0
0.857143,0.793651,0
0.857143,0.809524,0
0.857143,0.825397,0
0.857143,0.84127,0
0.857143,0.857143,0
0.857143,0.873016,0
0.857143,0.888889,0
0.857143,0.904762,0
0.857143,0.920635,0
0.857143,0.936508,0
0.857143,0.952381,0
0.857143,0.968254,0
0.857143,0.984127,0
0.857143,1,0
0.873016,0,0
0.873016,0.015873,0
0.873016,0.031746,0
0.873016,0.047619,0
0.873016,0.0634921,0
0.873016,0.0793651,0
0.873016,0.0952381,0
0.873016,0.111111,0
0.873016,0.126984,0
0.873016,0.142857,0
0.873016,0.15873,0
0.873016,0.174603,0
0.873016,0.190476,0
0.873016,0.206349,0
0.873016,0.222222,0
0.873016,0.238095,0
0.873016,0.253968,0
0.873016,0.269841,0
0.873016,0.285714,0
0.873016,0.301587,0
0.873016,0.31746,0
0.873016,0.333333,0
0.873016,0.349206,0
0.873016,0.365079,0
0.873016,0.380952,0
0.873016,0.396825,0
0.873016,0.412698,0
0.873016,0.428571,0
0.873016,0.444444,0
0.873016,0.460317,0
0.873016,0.47619,0
0.873016,0.492063,0
0.873016,0.507937,0
0.873016,0.52381,0
0.873016,0.539683,0
0.873016,0.555556,0
0.873016,0.571429,0
0.873016,0.587302,0
0.873016,0.603175,0
0.873016,0.619048,0
0.873016,0.634921,0
0.873016,0.650794,0
0.873016,0.666667,0
0.873016,0.68254,0
0.873016,0.698413,0
0.873016,0.714286,0
0.873016,0.730159,0
0.873016,0.746032,0
0.873016,0.761905,0
0.873016,0.777778,0
0.873016,0.793651,0
0.873016,0.809524,0
0.873016,0.825397,0
0.873016,0.84127,0
0.873016,0.857143,0
0.873016,0.873016,0
0.873016,0.888889,0
0.873016,0.904762,0
0.873016,0.920635,0
0.873016,0.936508,0
0.873016,0.952381,0
0.873016,0.968254,0
0.873016,0.984127,0
0.873016,1,0
0.888889,0,0
0.888889,0.015873,0
0.888889,0.031746,0
0.888889,0.047619,0
0.888889,0.0634921,0
0.888889,0.0793651,0
0.888889,0.0952381,0
0.888889,0.111111,0
0.888889,0.126984,0
0.888889,0.142857,0
0.888889,0.15873,0
0.888889,0.174603,0
0.888889,0.190476,0
0.888889,0.206349,0
0.888889,0.222222,0
0.888889,0.238095,0
0.888889,0.253968,0
0.888889,0.269841,0
0.888889,0.285714,0
0.888889,0.301587,0
0.888889,0.31746,0
0.888889,0.333333,0
0.888889,0.349206,0
0.888889,0.365079,0
0.888889,0.380952,0
0.888889,0.396825,0
0.888889,0.412698,0
0.888889,0.428571,0
0.888889,0.444444,0
0.888889,0.460317,0
0.888889,0.47619,0
0.888889,0.492063,0
0.888889,0.507937,0
0.888889,0.52381,0
0.888889,0.539683,0
0.888889,0.555556,0
0.888889,0.571429,0
0.888889,0.587302,0
0.888889,0.603175,0
0.888889,0.619048,0
0.888889,0.634921,0
0.888889,0.650794,0
0.888889,0.666667,0
0.888889,0.68254,0
0.888889,0.698413,0
0.888889,0.714286,0
0.888889,0.730159,0
0.888889,0.746032,0
0.888889,0.761905,0
0.888889,0.777778,0
0.888889,0.793651,0
0.888889,0.809524,0
0.888889,0.825397,0
0.888889,0.84127,0
0.888889,0.857143,0
0.888889,0.873016,0
0.888889,0.888889,0
0.888889,0.904762,0
0.888889,0.920635,0
0.888889,0.936508,0
0.888889,0.952381,0
0.888889,0.968254,0
0.888889,0.984127,0
0.888889,1,0
0.904762,0,0
0.904762,0.015873,0
0.904762,0.031746,0
0.904762,0.047619,0
0.904762,0.0634921,0
0.904762,0.0793651,0
0.904762,0.0952381,0
0.904762,0.111111,0
0.904762,0.126984,0
0.904762,0.142857,0
0.904762,0.15873,0
0.904762,0.174603,0
0.904762,0.190476,0
0.904762,0.206349,0
0.904762,0.222222,0
0.904762,0.238095,0
0.904762,0.253968,0
0.904762,0.269841,0
0.904762,0.285714,0
0.904762,0.301587,0
0.904762,0.31746,0
0.904762,0.333333,0
0.904762,0.349206,0
0.904762,0.365079,0
0.904762,0.380952,0
0.904762,0.396825,0
0.904762,0.412698,0
0.904762,0.428571,0
0.904762,0.444444,0
0.904762,0.460317,0
0.904762,0.47619,0
0.904762,0.492063,0
0.904762,0.507937,0
0.904762,0.52381,0
0.904762,0.539683,0
0.904762,0.555556,0
0.904762,0.571429,0
0.904762,0.587302,0
0.904762,0.603175,0
0.904762,0.619048,0
0.904762,0.634921,0
0.904762,0.650794,0
0.904762,0.666667,0
0.904762,0.68254,0
0.904762,0.698413,0
0.904762,0.714286,0
0.904762,0.730159,0
0.904762,0.746032,0
0.904762,0.761905,0
0.904762,0.777778,0
0.904762,0.793651,0
0.904762,0.809524,0
0.904762,0.825397,0
0.904762,0.84127,0
0.904762,0.857143,0
0.904762,0.873016,0
0.904762,0.888889,0
0.904762,0.904762,0
0.904762,0.920635,0
0.904762,0.936508,0
0.904762,0.952381,0
0.904762,0.968254,0
0.904762,0.984127,0
0.904762,1,0
0.920635,0,0
0.920635,0.015873,0
0.920635,0.031746,0
0.920635,0.047619,0
0.920635,0.0634921,0
0.920635,0.0793651,0
0.920635,0.0952381,0
0.920635,0.111111,0
0.920635,0.126984,0
0.920635,0.142857,0
0.920635,0.15873,0
0.920635,0.174603,0
0.920635,0.190476,0
0.920635,0.206349,0
0.920635,0.222222,0
0.920635,0.238095,0
0.920635,0.253968,0
0.920635,0.269841,0
0.920635,0.285714,0
0.920635,0.301587,0
0.920635,0.31746,0
0.920635,0.333333,0
0.920635,0.349206,0
0.920635,0.365079,0
0.920635,0.380952,0
0.920635,0.396825,0
0.920635,0.412698,0
0.920635,0.428571,0
0.920635,0.444444,0
0.920635,0.460317,0
0.920635,0.47619,0
0.920635,0.492063,0
0.920635,0.507937,0
0.920635,0.52381,0
0.920635,0.539683,0
0.920635,0.555556,0
0.920635,0.571429,0
0.920635,0.587302,0
0.920635,0.603175,0
0.920635,0.619048,0
0.920635,0.634921,0
0.920635,0.650794,0
0.920635,0.666667,0
0.920635,0.68254,0
0.920635,0.698413,0
0.920635,0.714286,0
0.920635,0.730159,0
0.920635,0.746032,0
0.920635,0.761905,0
0.920635,0.777778,0
0.920635,0.793651,0
0.920635,0.809524,0
0.920635,0.825397,0
0.920635,0.84127,0
0.920635,0.857143,0
0.920635,0.873016,0
0.920635,0.888889,0
0.920635,0.904762,0
0.920635,0.920635,0
0.920635,0.936508,0
0.920635,0.952381,0
0.920635,0.968254,0
0.920635,0.984127,0
0.920635,1,0
0.936508,0,0
0.936508,0.015873,0
0.936508,0.031746,0
0.936508,0.047619,0
0.936508,0.0634921,0
0.936508,0.0793651,0
0.936508,0.0952381,0
0.936508,0.111111,0
0.936508,0.126984,0
0.936508,0.142857,0
0.936508,0.15873,0
0.936508,0.174603,0
0.936508,0.190476,0
0.936508,0.206349,0
0.936508,0.222222,0
0.936508,0.238095,0
0.936508,0.253968,0
0.936508,0.269841,0
0.936508,0.285714,0
0.936508,0.301587,0
0.936508,0.31746,0
0.936508,0.333333,0
0.936508,0.349206,0
0.936508,0.365079,0
0.936508,0.380952,0
0.936508,0.396825,0
0.936508,0.412698,0
0.936508,0.428571,0
0.936508,0.444444,0
0.936508,0.460317,0
0.936508,0.47619,0
0.936508,0.492063,0
0.936508,0.507937,0
0.936508,0.52381,0
0.936508,0.539683,0
0.936508,0.555556,0
0.936508,0.571429,0
0.936508,0.587302,0
0.936508,0.603175,0
0.936508,0.619048,0
0.936508,0.634921,0
0.936508,0.650794,0
0.936508,0.666667,0
0.936508,0.68254,0
0.936508,0.698413,0
0.936508,0.714286,0
0.936508,0.730159,0
0.936508,0.746032,0
0.936508,0.761905,0
0.936508,0.777778,0
0.936508,0.793651,0
0.936508,0.809524,0
0.936508,0.825397,0
0.936508,0.84127,0
0.936508,0.857143,0
0.936508,0.873016,0
0.936508,0.888889,0
0.936508,0.904762,0
0.936508,0.920635,0
0.936508,0.936508,0
0.936508,0.952381,0
0.936508,0.968254,0
0.936508,0.984127,0
0.936508,1,0
0.952381,0,0
0.952381,0.015873,0
0.952381,0.031746,0
0.952381,0.047619,0
0.952381,0.0634921,0
0.952381,0.0793651,0
0.952381,0.0952381,0
0.952381,0.111111,0
0.952381,0.126984,0
0.952381,0.142857,0
0.952381,0.15873,0
0.952381,0.174603,0
0.952381,0.190476,0
0.952381,0.206349,0
0.952381,0.222222,0
0.952381,0.238095,0
0.952381,0.253968,0
0.952381,0.269841,0
0.952381,0.285714,0
0.952381,0.301587,0
0.952381,0.31746,0
0.952381,0.333333,0
0.952381,0.349206,0
0.952381,0.365079,0
0.952381,0.380952,0
0.952381,0.396825,0
0.952381,0.412698,0
0.952381,0.428571,0
0.952381,0.444444,0
0.952381,0.460317,0
0.952381,0.47619,0
0.952381,0.492063,0
0.952381,0.507937,0
0.952381,0.52381,0
0.952381,0.539683,0
0.952381,0.555556,0
0.952381,0.571429,0
0.952381,0.587302,0
0.952381,0.603175,0
0.952381,0.619048,0
0.952381,0.634921,0
0.952381,0.650794,0
0.952381,0.666667,0
0.952381,0.68254,0
0.952381,0.698413,0
0.952381,0.714286,0
0.952381,0.730159,0
0.952381,0.746032,0
0.952381,0.761905,0
0.952381,0.777778,0
0.952381,0.793651,0
0.952381,0.809524,0
0.952381,0.825397,0
0.952381,0.84127,0
0.952381,0.857143,0
0.952381,0.873016,0
0.952381,0.888889,0
0.952381,0.904762,0
0.952381,0.920635,0
0.952381,0.936508,0
0.952381,0.952381,0
0.952381,0.968254,0
0.952381,0.984127,0
0.952381,1,0
0.968254,0,0
0.968254,0.015873,0
0.968254,0.031746,0
0.968254,0.047619,0
0.968254,0.0634921,0
0.968254,0.0793651,0
0.968254,0.0952381,0
0.968254,0.111111,0
0.968254,0.126984,0
0.968254,0.142857,0
0.968254,0.15873,0
0.968254,0.174603,0
0.968254,0.190476,0
0.968254,0.206349,0
0.968254,0.222222,0
0.968254,0.238095,0
0.968254,0.253968,0
0.968254,0.269841,0
0.968254,0.285714,0
0.968254,0.301587,0
0.968254,0.31746,0
0.968254,0.333333,0
0.968254,0.349206,0
0.968254,0.365079,0
0.968254,0.380952,0
0.968254,0.396825,0
0.968254,0.412698,0
0.968254,0.428571,0
0.968254,0.444444,0
0.968254,0.460317,0
0.968254,0.47619,0
0.968254,0.492063,0
0.968254,0.507937,0
0.968254,0.52381,0
0.968254,0.539683,0
0.968254,0.555556,0
0.968254,0.571429,0
0.968254,0.587302,0
0.968254,0.603175,0
0.968254,0.619048,0
0.968254,0.634921,0
0.968254,0.650794,0
0.968254,0.666667,0
0.968254,0.68254,0
0.968254,0.698413,0
0.968254,0.714286,0
0.968254,0.730159,0
0.968254,0.746032,0
0.968254,0.761905,0
0.968254,0.777778,0
0.968254,0.793651,0
0.968254,0.809524,0
0.968254,0.825397,0
0.968254,0.84127,0
0.968254,0.857143,0
0.968254,0.873016,0
0.968254,0.888889,0
0.968254,0.904762,0
0.968254,0.920635,0
0.968254,0.936508,0
0.968254,0.952381,0
0.968254,0.968254,0
0.968254,0.984127,0
0.968254,1,0
0.984127,0,0
0.984127,0.015873,0
0.984127,0.031746,0
0.984127,0.047619,0
0.984127,0.0634921,0
0.984127,0.0793651,0
0.984127,0.0952381,0
0.984127,0.111111,0
0.984127,0.126984,0
0.984127,0.142857,0
0.984127,0.15873,0
0.984127,0.174603,0
0.984127,0.190476,0
0.984127,0.206349,0
0.984127,0.222222,0
0.984127,0.238095,0
0.984127,0.253968,0
0.984127,0.269841,0
0.984127,0.285714,0
0.984127,0.301587,0
0.984127,0.31746,0
0.984127,0.333333,0
0.984127,0.349206,0
0.984127,0.365079,0
0.984127,0.380952,0
0.984127,0.396825,0
0.984127,0.412698,0
0.984127,0.428571,0
0.984127,0.444444,0
0.984127,0.460317,0
0.984127,0.47619,0
0.984127,0.492063,0
0.984127,0.507937,0
0.984127,0.52381,0
0.984127,0.539683,0
0.984127,0.555556,0
0.984127,0.571429,0
0.984127,0.587302,0
0.984127,0.603175,0
0.984127,0.619048,0
0.984127,0.634921,0
0.984127,0.650794,0
0.984127,0.666667,0
0.984127,0.68254,0
0.984127,0.698413,0
0.984127,0.714286,0
0.984127,0.730159,0
0.984127,0.746032,0
0.984127,0.761905,0
0.984127,0.777778,0
0.984127,0.793651,0
0.984127,0.809524,0
0.984127,0.825397,0
0.984127,0.84127,0
0.984127,0.857143,0
0.984127,0.873016,0
0.984127,0.888889,0
0.984127,0.904762,0
0.984127,0.920635,0
0.984127,0.936508,0
0.984127,0.952381,0
0.984127,0.968254,0
0.984127,0.984127,0
0.984127,1,0
1,0,0
1,0.015873,0
1,0.031746,0
1,0.047619,0
1,0.0634921,0
1,0.0793651,0
1,0.0952381,0
1,0.111111,0
1,0.126984,0
1,0.142857,0
1,0.15873,0
1,0.174603,0
1,0.190476,0
1,0.206349,0
1,0.222222,0
1,0.238095,0
1,0.253968,0
1,0.269841,0
1,0.285714,0
1,0.301587,0
1,0.31746,0
1,0.333333,0
1,0.349206,0
1,0.365079,0
1,0.380952,0
1,0.396825,0
1,0.412698,0
1,0.428571,0
1,0.444444,0
1,0.460317,0
1,0.47619,0
1,0.492063,0
1,0.507937,0
1,0.52381,0
1,0.539683,0
1,0.555556,0
1,0.571429,0
1,0.587302,0
1,0.603175,0
1,0.619048,0
1,0.634921,0
1,0.650794,0
1,0.666667,0
1,0.68254,0
1,0.698413,0
1,0.714286,0
1,0.730159,0
1,0.746032,0
1,0.761905,0
1,0.777778,0
1,0.793651,0
1,0.809524,0
1,0.825397,0
1,0.84127,0
1,0.857143,0
1,0.873016,0
1,0.888889,0
1,0.904762,0
1,0.920635,0
1,0.936508,0
1,0.952381,0
1,0.968254,0
1,0.984127,0
1,1,0
